Entity,Code,Year,Annual carbon dioxide emissions
Afghanistan,AFG,2003,658754.1
Afghanistan,AFG,2004,433206.4
Afghanistan,AFG,2005,310265.7
Afghanistan,AFG,2006,469605.3
Afghanistan,AFG,2007,546587.7
Afghanistan,AFG,2008,613070.44
Afghanistan,AFG,2009,323931.47
Afghanistan,AFG,2010,840365.44
Afghanistan,AFG,2011,608979.75
Afghanistan,AFG,2012,323817.34
Afghanistan,AFG,2013,569511.4
Afghanistan,AFG,2014,406331.97
Afghanistan,AFG,2015,174312.19
Afghanistan,AFG,2016,332339.38
Afghanistan,AFG,2017,356306.75
Afghanistan,AFG,2018,183291.95
Afghanistan,AFG,2019,174290.28
Afghanistan,AFG,2020,400119.78
Afghanistan,AFG,2021,300963.03
Afghanistan,AFG,2022,62725.34
Afghanistan,AFG,2023,109874.64
Afghanistan,AFG,2024,120663.97
Afghanistan,AFG,2025,132408.92
Africa,OWID_AFR,2003,3287444500
Africa,OWID_AFR,2004,3166810000
Africa,OWID_AFR,2005,3354394000
Africa,OWID_AFR,2006,3021354800
Africa,OWID_AFR,2007,3364647200
Africa,OWID_AFR,2008,3342266400
Africa,OWID_AFR,2009,3101586700
Africa,OWID_AFR,2010,3122623200
Africa,OWID_AFR,2011,3341273000
Africa,OWID_AFR,2012,3088684000
Africa,OWID_AFR,2013,3069420800
Africa,OWID_AFR,2014,2962124500
Africa,OWID_AFR,2015,3116432400
Africa,OWID_AFR,2016,3337444000
Africa,OWID_AFR,2017,2557975600
Africa,OWID_AFR,2018,2567874600
Africa,OWID_AFR,2019,2401036500
Africa,OWID_AFR,2020,2218566000
Africa,OWID_AFR,2021,2505484800
Africa,OWID_AFR,2022,2395883000
Africa,OWID_AFR,2023,2327060700
Africa,OWID_AFR,2024,2299517200
Africa,OWID_AFR,2025,1897169700
Akrotiri and Dhekelia,OWID_AKD,2003,0
Akrotiri and Dhekelia,OWID_AKD,2004,0
Akrotiri and Dhekelia,OWID_AKD,2005,843.33
Akrotiri and Dhekelia,OWID_AKD,2006,8643.78
Akrotiri and Dhekelia,OWID_AKD,2007,2283.78
Akrotiri and Dhekelia,OWID_AKD,2008,0
Akrotiri and Dhekelia,OWID_AKD,2009,5336.97
Akrotiri and Dhekelia,OWID_AKD,2010,0
Akrotiri and Dhekelia,OWID_AKD,2011,2087.95
Akrotiri and Dhekelia,OWID_AKD,2012,1834.81
Akrotiri and Dhekelia,OWID_AKD,2013,6381.65
Akrotiri and Dhekelia,OWID_AKD,2014,0
Akrotiri and Dhekelia,OWID_AKD,2015,747.81
Akrotiri and Dhekelia,OWID_AKD,2016,0
Akrotiri and Dhekelia,OWID_AKD,2017,7072.44
Akrotiri and Dhekelia,OWID_AKD,2018,1659.64
Akrotiri and Dhekelia,OWID_AKD,2019,0
Akrotiri and Dhekelia,OWID_AKD,2020,0
Akrotiri and Dhekelia,OWID_AKD,2021,0
Akrotiri and Dhekelia,OWID_AKD,2022,1796.0701
Akrotiri and Dhekelia,OWID_AKD,2023,1070.74
Akrotiri and Dhekelia,OWID_AKD,2024,601.86
Akrotiri and Dhekelia,OWID_AKD,2025,524.19
Aland Islands,ALA,2003,0
Aland Islands,ALA,2004,0
Aland Islands,ALA,2005,0
Aland Islands,ALA,2006,0
Aland Islands,ALA,2007,0
Aland Islands,ALA,2008,0
Aland Islands,ALA,2009,0
Aland Islands,ALA,2010,0
Aland Islands,ALA,2011,0
Aland Islands,ALA,2012,0
Aland Islands,ALA,2013,0
Aland Islands,ALA,2014,0
Aland Islands,ALA,2015,0
Aland Islands,ALA,2016,0
Aland Islands,ALA,2017,0
Aland Islands,ALA,2018,9807.16
Aland Islands,ALA,2019,0
Aland Islands,ALA,2020,0
Aland Islands,ALA,2021,0
Aland Islands,ALA,2022,0
Aland Islands,ALA,2023,0
Aland Islands,ALA,2024,0
Aland Islands,ALA,2025,0
Albania,ALB,2003,257885.6
Albania,ALB,2004,29761.57
Albania,ALB,2005,63019.93
Albania,ALB,2006,44341.51
Albania,ALB,2007,3241297.5
Albania,ALB,2008,167503
Albania,ALB,2009,96525.64
Albania,ALB,2010,61448.72
Albania,ALB,2011,491096.88
Albania,ALB,2012,1750995.6
Albania,ALB,2013,50279.4
Albania,ALB,2014,26331.781
Albania,ALB,2015,104760.98
Albania,ALB,2016,73105.99
Albania,ALB,2017,571084.3
Albania,ALB,2018,143083.33
Albania,ALB,2019,157412.27
Albania,ALB,2020,154468.1
Albania,ALB,2021,511853.56
Albania,ALB,2022,242262.6
Albania,ALB,2023,93611.586
Albania,ALB,2024,249432.62
Albania,ALB,2025,753945.56
Algeria,DZA,2003,10105852
Algeria,DZA,2004,7955725
Algeria,DZA,2005,8122028
Algeria,DZA,2006,10011776
Algeria,DZA,2007,16632681
Algeria,DZA,2008,10027353
Algeria,DZA,2009,8417717
Algeria,DZA,2010,7266128.5
Algeria,DZA,2011,7709924
Algeria,DZA,2012,18521942
Algeria,DZA,2013,5929104
Algeria,DZA,2014,8018953
Algeria,DZA,2015,5192529
Algeria,DZA,2016,6582229
Algeria,DZA,2017,10152796
Algeria,DZA,2018,2516183.5
Algeria,DZA,2019,4638479.5
Algeria,DZA,2020,10502153
Algeria,DZA,2021,8084604
Algeria,DZA,2022,5740029.5
Algeria,DZA,2023,5241099.5
Algeria,DZA,2024,2152862.8
Algeria,DZA,2025,3105691
American Samoa,ASM,2003,0
American Samoa,ASM,2004,0
American Samoa,ASM,2005,0
American Samoa,ASM,2006,0
American Samoa,ASM,2007,0
American Samoa,ASM,2008,0
American Samoa,ASM,2009,0
American Samoa,ASM,2010,0
American Samoa,ASM,2011,0
American Samoa,ASM,2012,0
American Samoa,ASM,2013,0
American Samoa,ASM,2014,0
American Samoa,ASM,2015,0
American Samoa,ASM,2016,0
American Samoa,ASM,2017,0
American Samoa,ASM,2018,0
American Samoa,ASM,2019,0
American Samoa,ASM,2020,0
American Samoa,ASM,2021,0
American Samoa,ASM,2022,0
American Samoa,ASM,2023,0
American Samoa,ASM,2024,0
American Samoa,ASM,2025,0
Andorra,AND,2003,0
Andorra,AND,2004,0
Andorra,AND,2005,910.46
Andorra,AND,2006,0
Andorra,AND,2007,0
Andorra,AND,2008,0
Andorra,AND,2009,0
Andorra,AND,2010,0
Andorra,AND,2011,364.14
Andorra,AND,2012,0
Andorra,AND,2013,884.27
Andorra,AND,2014,368.32
Andorra,AND,2015,0
Andorra,AND,2016,689.35
Andorra,AND,2017,479.98
Andorra,AND,2018,499.21002
Andorra,AND,2019,216.23
Andorra,AND,2020,445.59998
Andorra,AND,2021,0
Andorra,AND,2022,208.17
Andorra,AND,2023,329.1
Andorra,AND,2024,348.32
Andorra,AND,2025,0
Angola,AGO,2003,484753470
Angola,AGO,2004,488511000
Angola,AGO,2005,489579870
Angola,AGO,2006,432803330
Angola,AGO,2007,485178560
Angola,AGO,2008,453481730
Angola,AGO,2009,448369540
Angola,AGO,2010,482287800
Angola,AGO,2011,538933060
Angola,AGO,2012,460410140
Angola,AGO,2013,502311680
Angola,AGO,2014,450899040
Angola,AGO,2015,490034980
Angola,AGO,2016,487888300
Angola,AGO,2017,398580380
Angola,AGO,2018,356432220
Angola,AGO,2019,430494000
Angola,AGO,2020,299289180
Angola,AGO,2021,380651040
Angola,AGO,2022,381505300
Angola,AGO,2023,395170940
Angola,AGO,2024,409995740
Angola,AGO,2025,295461950
Anguilla,AIA,2003,0
Anguilla,AIA,2004,0
Anguilla,AIA,2005,0
Anguilla,AIA,2006,0
Anguilla,AIA,2007,0
Anguilla,AIA,2008,0
Anguilla,AIA,2009,0
Anguilla,AIA,2010,0
Anguilla,AIA,2011,0
Anguilla,AIA,2012,0
Anguilla,AIA,2013,0
Anguilla,AIA,2014,0
Anguilla,AIA,2015,0
Anguilla,AIA,2016,0
Anguilla,AIA,2017,0
Anguilla,AIA,2018,0
Anguilla,AIA,2019,0
Anguilla,AIA,2020,0
Anguilla,AIA,2021,0
Anguilla,AIA,2022,0
Anguilla,AIA,2023,0
Anguilla,AIA,2024,0
Anguilla,AIA,2025,0
Antigua and Barbuda,ATG,2003,1503.88
Antigua and Barbuda,ATG,2004,8776.6
Antigua and Barbuda,ATG,2005,23578.55
Antigua and Barbuda,ATG,2006,0
Antigua and Barbuda,ATG,2007,8425.4
Antigua and Barbuda,ATG,2008,27325.28
Antigua and Barbuda,ATG,2009,5471.02
Antigua and Barbuda,ATG,2010,776.98
Antigua and Barbuda,ATG,2011,1294.72
Antigua and Barbuda,ATG,2012,4334.4
Antigua and Barbuda,ATG,2013,0
Antigua and Barbuda,ATG,2014,10354.43
Antigua and Barbuda,ATG,2015,3559.6199
Antigua and Barbuda,ATG,2016,7695.12
Antigua and Barbuda,ATG,2017,992.62
Antigua and Barbuda,ATG,2018,112844.31
Antigua and Barbuda,ATG,2019,2398.71
Antigua and Barbuda,ATG,2020,29711.959
Antigua and Barbuda,ATG,2021,1798.47
Antigua and Barbuda,ATG,2022,10560.53
Antigua and Barbuda,ATG,2023,12408.57
Antigua and Barbuda,ATG,2024,2537.83
Antigua and Barbuda,ATG,2025,1598.6699
Argentina,ARG,2003,162498770
Argentina,ARG,2004,124620540
Argentina,ARG,2005,97174120
Argentina,ARG,2006,110290200
Argentina,ARG,2007,111880584
Argentina,ARG,2008,133314550
Argentina,ARG,2009,130963540
Argentina,ARG,2010,83922830
Argentina,ARG,2011,102202776
Argentina,ARG,2012,79953896
Argentina,ARG,2013,93856190
Argentina,ARG,2014,54776010
Argentina,ARG,2015,58092556
Argentina,ARG,2016,70836650
Argentina,ARG,2017,80633624
Argentina,ARG,2018,60518172
Argentina,ARG,2019,63474900
Argentina,ARG,2020,123960340
Argentina,ARG,2021,70758650
Argentina,ARG,2022,111818750
Argentina,ARG,2023,60484052
Argentina,ARG,2024,55133156
Argentina,ARG,2025,55532108
Armenia,ARM,2003,77997.67
Armenia,ARM,2004,178537
Armenia,ARM,2005,86717.65
Armenia,ARM,2006,107502.39
Armenia,ARM,2007,46005.7
Armenia,ARM,2008,162850.16
Armenia,ARM,2009,37353.34
Armenia,ARM,2010,229783.12
Armenia,ARM,2011,91844.3
Armenia,ARM,2012,139515.95
Armenia,ARM,2013,119863.02
Armenia,ARM,2014,97909.83
Armenia,ARM,2015,88954.8
Armenia,ARM,2016,146830.23
Armenia,ARM,2017,196715.89
Armenia,ARM,2018,163154.39
Armenia,ARM,2019,147267.92
Armenia,ARM,2020,46402.11
Armenia,ARM,2021,57585.797
Armenia,ARM,2022,94077.23
Armenia,ARM,2023,92655.17
Armenia,ARM,2024,57812.42
Armenia,ARM,2025,265698.4
Aruba,ABW,2003,0
Aruba,ABW,2004,0
Aruba,ABW,2005,0
Aruba,ABW,2006,631.45
Aruba,ABW,2007,0
Aruba,ABW,2008,819.21
Aruba,ABW,2009,665.09
Aruba,ABW,2010,0
Aruba,ABW,2011,0
Aruba,ABW,2012,1742.27
Aruba,ABW,2013,0
Aruba,ABW,2014,0
Aruba,ABW,2015,2314.32
Aruba,ABW,2016,0
Aruba,ABW,2017,6290.5303
Aruba,ABW,2018,1711.62
Aruba,ABW,2019,0
Aruba,ABW,2020,9565.881
Aruba,ABW,2021,2922.67
Aruba,ABW,2022,1263.36
Aruba,ABW,2023,10721.41
Aruba,ABW,2024,15296.46
Aruba,ABW,2025,0
Asia,OWID_ASI,2003,845722100
Asia,OWID_ASI,2004,1119610500
Asia,OWID_ASI,2005,876494700
Asia,OWID_ASI,2006,1225987500
Asia,OWID_ASI,2007,807621600
Asia,OWID_ASI,2008,709691650
Asia,OWID_ASI,2009,996071100
Asia,OWID_ASI,2010,719916100
Asia,OWID_ASI,2011,679945200
Asia,OWID_ASI,2012,841659970
Asia,OWID_ASI,2013,656484000
Asia,OWID_ASI,2014,1043652160
Asia,OWID_ASI,2015,1507832800
Asia,OWID_ASI,2016,747570300
Asia,OWID_ASI,2017,590987100
Asia,OWID_ASI,2018,589460030
Asia,OWID_ASI,2019,1114491400
Asia,OWID_ASI,2020,585791900
Asia,OWID_ASI,2021,569072000
Asia,OWID_ASI,2022,389578980
Asia,OWID_ASI,2023,719415400
Asia,OWID_ASI,2024,496804220
Asia,OWID_ASI,2025,400765400
Australia,AUS,2003,367898850
Australia,AUS,2004,606931000
Australia,AUS,2005,319781950
Australia,AUS,2006,585302500
Australia,AUS,2007,530182820
Australia,AUS,2008,306016830
Australia,AUS,2009,433225440
Australia,AUS,2010,193659300
Australia,AUS,2011,901318500
Australia,AUS,2012,986003140
Australia,AUS,2013,333420480
Australia,AUS,2014,490125500
Australia,AUS,2015,455607420
Australia,AUS,2016,274228350
Australia,AUS,2017,510154080
Australia,AUS,2018,567993500
Australia,AUS,2019,588973200
Australia,AUS,2020,312553280
Australia,AUS,2021,284046240
Australia,AUS,2022,281703300
Australia,AUS,2023,727470850
Australia,AUS,2024,350742460
Australia,AUS,2025,402898500
Austria,AUT,2003,37457.99
Austria,AUT,2004,19783.4
Austria,AUT,2005,26731.46
Austria,AUT,2006,14178.84
Austria,AUT,2007,16318.84
Austria,AUT,2008,12122.58
Austria,AUT,2009,17493.42
Austria,AUT,2010,18317.12
Austria,AUT,2011,14479.89
Austria,AUT,2012,12740.18
Austria,AUT,2013,15753.47
Austria,AUT,2014,29820.34
Austria,AUT,2015,47438.32
Austria,AUT,2016,11167.84
Austria,AUT,2017,23072.66
Austria,AUT,2018,16526.28
Austria,AUT,2019,22980.74
Austria,AUT,2020,107067.55
Austria,AUT,2021,15383.3
Austria,AUT,2022,32952.74
Austria,AUT,2023,24770.05
Austria,AUT,2024,32608.05
Austria,AUT,2025,82179.07
Azerbaijan,AZE,2003,561264
Azerbaijan,AZE,2004,776763.7
Azerbaijan,AZE,2005,636293.5
Azerbaijan,AZE,2006,557837.1
Azerbaijan,AZE,2007,469379.75
Azerbaijan,AZE,2008,343911.28
Azerbaijan,AZE,2009,253244.66
Azerbaijan,AZE,2010,580212.44
Azerbaijan,AZE,2011,429480.1
Azerbaijan,AZE,2012,338564.38
Azerbaijan,AZE,2013,380905.44
Azerbaijan,AZE,2014,261196.48
Azerbaijan,AZE,2015,997045.94
Azerbaijan,AZE,2016,506577.25
Azerbaijan,AZE,2017,709268.56
Azerbaijan,AZE,2018,362689.03
Azerbaijan,AZE,2019,728854.44
Azerbaijan,AZE,2020,359241.3
Azerbaijan,AZE,2021,455310.06
Azerbaijan,AZE,2022,390829.72
Azerbaijan,AZE,2023,203112.52
Azerbaijan,AZE,2024,151312.44
Azerbaijan,AZE,2025,277332.84
Bahamas,BHS,2003,127611.35
Bahamas,BHS,2004,1194141.2
Bahamas,BHS,2005,855246.6
Bahamas,BHS,2006,629397.6
Bahamas,BHS,2007,556945.3
Bahamas,BHS,2008,1027407.7
Bahamas,BHS,2009,447960.03
Bahamas,BHS,2010,199251.1
Bahamas,BHS,2011,1461699.1
Bahamas,BHS,2012,537797.94
Bahamas,BHS,2013,863670.8
Bahamas,BHS,2014,475956.25
Bahamas,BHS,2015,410714.38
Bahamas,BHS,2016,622760.1
Bahamas,BHS,2017,1582684.9
Bahamas,BHS,2018,689288.3
Bahamas,BHS,2019,1556150.2
Bahamas,BHS,2020,996458.9
Bahamas,BHS,2021,616003.3
Bahamas,BHS,2022,305827.7
Bahamas,BHS,2023,288340.34
Bahamas,BHS,2024,834102.7
Bahamas,BHS,2025,1397841.8
Bahrain,BHR,2003,0
Bahrain,BHR,2004,0
Bahrain,BHR,2005,0
Bahrain,BHR,2006,0
Bahrain,BHR,2007,4939.1396
Bahrain,BHR,2008,1134.95
Bahrain,BHR,2009,1409.91
Bahrain,BHR,2010,7510.57
Bahrain,BHR,2011,7445.32
Bahrain,BHR,2012,0
Bahrain,BHR,2013,0
Bahrain,BHR,2014,0
Bahrain,BHR,2015,1420.19
Bahrain,BHR,2016,2538.59
Bahrain,BHR,2017,20230.42
Bahrain,BHR,2018,7572.33
Bahrain,BHR,2019,22439.68
Bahrain,BHR,2020,28618.43
Bahrain,BHR,2021,29685.541
Bahrain,BHR,2022,11022.28
Bahrain,BHR,2023,5652.01
Bahrain,BHR,2024,7173.66
Bahrain,BHR,2025,9095.891
Bangladesh,BGD,2003,8961242
Bangladesh,BGD,2004,10098709
Bangladesh,BGD,2005,9507439
Bangladesh,BGD,2006,9104220
Bangladesh,BGD,2007,11036150
Bangladesh,BGD,2008,6579980
Bangladesh,BGD,2009,9142017
Bangladesh,BGD,2010,4135374.2
Bangladesh,BGD,2011,5427255
Bangladesh,BGD,2012,7031050
Bangladesh,BGD,2013,5928143.5
Bangladesh,BGD,2014,4649711.5
Bangladesh,BGD,2015,3223164.8
Bangladesh,BGD,2016,6914381.5
Bangladesh,BGD,2017,1973147.1
Bangladesh,BGD,2018,3718177.8
Bangladesh,BGD,2019,5291569.5
Bangladesh,BGD,2020,5445681
Bangladesh,BGD,2021,5344116.5
Bangladesh,BGD,2022,1878045.4
Bangladesh,BGD,2023,5090421.5
Bangladesh,BGD,2024,3640336
Bangladesh,BGD,2025,3533481
Barbados,BRB,2003,0
Barbados,BRB,2004,0
Barbados,BRB,2005,0
Barbados,BRB,2006,0
Barbados,BRB,2007,0
Barbados,BRB,2008,0
Barbados,BRB,2009,0
Barbados,BRB,2010,0
Barbados,BRB,2011,0
Barbados,BRB,2012,0
Barbados,BRB,2013,0
Barbados,BRB,2014,0
Barbados,BRB,2015,0
Barbados,BRB,2016,0
Barbados,BRB,2017,0
Barbados,BRB,2018,0
Barbados,BRB,2019,0
Barbados,BRB,2020,0
Barbados,BRB,2021,0
Barbados,BRB,2022,0
Barbados,BRB,2023,0
Barbados,BRB,2024,0
Barbados,BRB,2025,0
Belarus,BLR,2003,1257856.8
Belarus,BLR,2004,686462.4
Belarus,BLR,2005,383834.25
Belarus,BLR,2006,1231895.1
Belarus,BLR,2007,417002.25
Belarus,BLR,2008,468846.1
Belarus,BLR,2009,571228
Belarus,BLR,2010,322307.66
Belarus,BLR,2011,207044.12
Belarus,BLR,2012,428647.53
Belarus,BLR,2013,174491.72
Belarus,BLR,2014,1135585
Belarus,BLR,2015,2109417.2
Belarus,BLR,2016,415950.1
Belarus,BLR,2017,348872.66
Belarus,BLR,2018,319700.78
Belarus,BLR,2019,1215729
Belarus,BLR,2020,1433504.8
Belarus,BLR,2021,315559.94
Belarus,BLR,2022,340369.16
Belarus,BLR,2023,152064.45
Belarus,BLR,2024,157224.69
Belarus,BLR,2025,563902
Belgium,BEL,2003,388108.78
Belgium,BEL,2004,389541.56
Belgium,BEL,2005,408981.44
Belgium,BEL,2006,438237.47
Belgium,BEL,2007,308677.97
Belgium,BEL,2008,357035.28
Belgium,BEL,2009,159749.19
Belgium,BEL,2010,272139.3
Belgium,BEL,2011,332638.25
Belgium,BEL,2012,317306.97
Belgium,BEL,2013,772014.8
Belgium,BEL,2014,419225.6
Belgium,BEL,2015,321641.22
Belgium,BEL,2016,586323.4
Belgium,BEL,2017,334718.28
Belgium,BEL,2018,408029.22
Belgium,BEL,2019,398606.3
Belgium,BEL,2020,290114.28
Belgium,BEL,2021,340968.53
Belgium,BEL,2022,423568.5
Belgium,BEL,2023,245852.38
Belgium,BEL,2024,321393.62
Belgium,BEL,2025,455198.62
Belize,BLZ,2003,2621321.8
Belize,BLZ,2004,568871.1
Belize,BLZ,2005,2191499.2
Belize,BLZ,2006,759768
Belize,BLZ,2007,1795791
Belize,BLZ,2008,1714487.1
Belize,BLZ,2009,1213015
Belize,BLZ,2010,1457817.2
Belize,BLZ,2011,3837699
Belize,BLZ,2012,1117726.8
Belize,BLZ,2013,2788372.2
Belize,BLZ,2014,1518115
Belize,BLZ,2015,2041565.1
Belize,BLZ,2016,1714912.5
Belize,BLZ,2017,2023630
Belize,BLZ,2018,934488.8
Belize,BLZ,2019,2322829.5
Belize,BLZ,2020,2426637.8
Belize,BLZ,2021,1469373.6
Belize,BLZ,2022,1055866.5
Belize,BLZ,2023,2912242.2
Belize,BLZ,2024,3380854
Belize,BLZ,2025,1621421.1
Benin,BEN,2003,28858996
Benin,BEN,2004,27923736
Benin,BEN,2005,27865282
Benin,BEN,2006,22791014
Benin,BEN,2007,26195134
Benin,BEN,2008,25677328
Benin,BEN,2009,23144542
Benin,BEN,2010,20110012
Benin,BEN,2011,19329980
Benin,BEN,2012,18666456
Benin,BEN,2013,17221988
Benin,BEN,2014,16256139
Benin,BEN,2015,12993309
Benin,BEN,2016,15568728
Benin,BEN,2017,12570412
Benin,BEN,2018,11547646
Benin,BEN,2019,11327802
Benin,BEN,2020,9742945
Benin,BEN,2021,10042905
Benin,BEN,2022,9590673
Benin,BEN,2023,6632154.5
Benin,BEN,2024,7430928.5
Benin,BEN,2025,7272359
Bermuda,BMU,2003,0
Bermuda,BMU,2004,0
Bermuda,BMU,2005,0
Bermuda,BMU,2006,0
Bermuda,BMU,2007,0
Bermuda,BMU,2008,0
Bermuda,BMU,2009,0
Bermuda,BMU,2010,0
Bermuda,BMU,2011,0
Bermuda,BMU,2012,0
Bermuda,BMU,2013,0
Bermuda,BMU,2014,0
Bermuda,BMU,2015,0
Bermuda,BMU,2016,0
Bermuda,BMU,2017,0
Bermuda,BMU,2018,0
Bermuda,BMU,2019,0
Bermuda,BMU,2020,0
Bermuda,BMU,2021,0
Bermuda,BMU,2022,0
Bermuda,BMU,2023,0
Bermuda,BMU,2024,0
Bermuda,BMU,2025,0
Bhutan,BTN,2003,164011.03
Bhutan,BTN,2004,249250.56
Bhutan,BTN,2005,227868.19
Bhutan,BTN,2006,604008.7
Bhutan,BTN,2007,380073.75
Bhutan,BTN,2008,303800.9
Bhutan,BTN,2009,416796.88
Bhutan,BTN,2010,733221.9
Bhutan,BTN,2011,408820.78
Bhutan,BTN,2012,480422.3
Bhutan,BTN,2013,240728.27
Bhutan,BTN,2014,536495.94
Bhutan,BTN,2015,280997.9
Bhutan,BTN,2016,285988.94
Bhutan,BTN,2017,222505.33
Bhutan,BTN,2018,147210.72
Bhutan,BTN,2019,122348.68
Bhutan,BTN,2020,156038.6
Bhutan,BTN,2021,235166.22
Bhutan,BTN,2022,105442.23
Bhutan,BTN,2023,254716.19
Bhutan,BTN,2024,227493.44
Bhutan,BTN,2025,374699.84
Bolivia,BOL,2003,66826716
Bolivia,BOL,2004,149724000
Bolivia,BOL,2005,129800060
Bolivia,BOL,2006,101520240
Bolivia,BOL,2007,141320770
Bolivia,BOL,2008,105439050
Bolivia,BOL,2009,58249476
Bolivia,BOL,2010,236832850
Bolivia,BOL,2011,101922880
Bolivia,BOL,2012,64836024
Bolivia,BOL,2013,39529224
Bolivia,BOL,2014,36381856
Bolivia,BOL,2015,58837796
Bolivia,BOL,2016,99471840
Bolivia,BOL,2017,75855130
Bolivia,BOL,2018,59408572
Bolivia,BOL,2019,141751360
Bolivia,BOL,2020,82041100
Bolivia,BOL,2021,126063890
Bolivia,BOL,2022,125562824
Bolivia,BOL,2023,151908460
Bolivia,BOL,2024,359365340
Bolivia,BOL,2025,47484904
Bonaire Sint Eustatius and Saba,BES,2003,0
Bonaire Sint Eustatius and Saba,BES,2004,0
Bonaire Sint Eustatius and Saba,BES,2005,0
Bonaire Sint Eustatius and Saba,BES,2006,614.09
Bonaire Sint Eustatius and Saba,BES,2007,0
Bonaire Sint Eustatius and Saba,BES,2008,0
Bonaire Sint Eustatius and Saba,BES,2009,888.61
Bonaire Sint Eustatius and Saba,BES,2010,0
Bonaire Sint Eustatius and Saba,BES,2011,507.42
Bonaire Sint Eustatius and Saba,BES,2012,351.07
Bonaire Sint Eustatius and Saba,BES,2013,0
Bonaire Sint Eustatius and Saba,BES,2014,538.46
Bonaire Sint Eustatius and Saba,BES,2015,0
Bonaire Sint Eustatius and Saba,BES,2016,0
Bonaire Sint Eustatius and Saba,BES,2017,13308.52
Bonaire Sint Eustatius and Saba,BES,2018,9723.26
Bonaire Sint Eustatius and Saba,BES,2019,4481.31
Bonaire Sint Eustatius and Saba,BES,2020,0
Bonaire Sint Eustatius and Saba,BES,2021,0
Bonaire Sint Eustatius and Saba,BES,2022,3287.74
Bonaire Sint Eustatius and Saba,BES,2023,0
Bonaire Sint Eustatius and Saba,BES,2024,12335.699
Bonaire Sint Eustatius and Saba,BES,2025,0
Bosnia and Herzegovina,BIH,2003,739379
Bosnia and Herzegovina,BIH,2004,80462.4
Bosnia and Herzegovina,BIH,2005,176288.58
Bosnia and Herzegovina,BIH,2006,76600.75
Bosnia and Herzegovina,BIH,2007,988581
Bosnia and Herzegovina,BIH,2008,231868.97
Bosnia and Herzegovina,BIH,2009,168610.36
Bosnia and Herzegovina,BIH,2010,53442.45
Bosnia and Herzegovina,BIH,2011,321169.62
Bosnia and Herzegovina,BIH,2012,1416884.4
Bosnia and Herzegovina,BIH,2013,96099.83
Bosnia and Herzegovina,BIH,2014,67666.2
Bosnia and Herzegovina,BIH,2015,169891.72
Bosnia and Herzegovina,BIH,2016,209271.84
Bosnia and Herzegovina,BIH,2017,786279.8
Bosnia and Herzegovina,BIH,2018,55696.59
Bosnia and Herzegovina,BIH,2019,265150.75
Bosnia and Herzegovina,BIH,2020,650865.06
Bosnia and Herzegovina,BIH,2021,325940.47
Bosnia and Herzegovina,BIH,2022,376094.38
Bosnia and Herzegovina,BIH,2023,96839.43
Bosnia and Herzegovina,BIH,2024,370856.2
Bosnia and Herzegovina,BIH,2025,133306.64
Botswana,BWA,2003,12666456
Botswana,BWA,2004,9092440
Botswana,BWA,2005,17236778
Botswana,BWA,2006,27561020
Botswana,BWA,2007,18015168
Botswana,BWA,2008,57497704
Botswana,BWA,2009,13766781
Botswana,BWA,2010,93404184
Botswana,BWA,2011,110028616
Botswana,BWA,2012,34149420
Botswana,BWA,2013,27614896
Botswana,BWA,2014,17570070
Botswana,BWA,2015,18246526
Botswana,BWA,2016,12642212
Botswana,BWA,2017,25165510
Botswana,BWA,2018,18895454
Botswana,BWA,2019,15677393
Botswana,BWA,2020,14069806
Botswana,BWA,2021,60563184
Botswana,BWA,2022,53917770
Botswana,BWA,2023,77596640
Botswana,BWA,2024,15826101
Botswana,BWA,2025,10740765
Bouvet Island,BVT,2003,0
Bouvet Island,BVT,2004,0
Bouvet Island,BVT,2005,0
Bouvet Island,BVT,2006,0
Bouvet Island,BVT,2007,0
Bouvet Island,BVT,2008,0
Bouvet Island,BVT,2009,0
Bouvet Island,BVT,2010,0
Bouvet Island,BVT,2011,0
Bouvet Island,BVT,2012,0
Bouvet Island,BVT,2013,0
Bouvet Island,BVT,2014,0
Bouvet Island,BVT,2015,0
Bouvet Island,BVT,2016,0
Bouvet Island,BVT,2017,0
Bouvet Island,BVT,2018,0
Bouvet Island,BVT,2019,0
Bouvet Island,BVT,2020,0
Bouvet Island,BVT,2021,0
Bouvet Island,BVT,2022,0
Bouvet Island,BVT,2023,0
Bouvet Island,BVT,2024,0
Bouvet Island,BVT,2025,0
Brazil,BRA,2003,957167700
Brazil,BRA,2004,1139966800
Brazil,BRA,2005,1087067900
Brazil,BRA,2006,683924500
Brazil,BRA,2007,1180577000
Brazil,BRA,2008,558549200
Brazil,BRA,2009,352352830
Brazil,BRA,2010,969071600
Brazil,BRA,2011,398717300
Brazil,BRA,2012,645523000
Brazil,BRA,2013,307698980
Brazil,BRA,2014,454120540
Brazil,BRA,2015,621976060
Brazil,BRA,2016,494710100
Brazil,BRA,2017,581342700
Brazil,BRA,2018,298088200
Brazil,BRA,2019,554918340
Brazil,BRA,2020,529688000
Brazil,BRA,2021,558781400
Brazil,BRA,2022,583065800
Brazil,BRA,2023,495359900
Brazil,BRA,2024,845412800
Brazil,BRA,2025,311433760
British Indian Ocean Territory,IOT,2003,0
British Indian Ocean Territory,IOT,2004,0
British Indian Ocean Territory,IOT,2005,0
British Indian Ocean Territory,IOT,2006,0
British Indian Ocean Territory,IOT,2007,0
British Indian Ocean Territory,IOT,2008,0
British Indian Ocean Territory,IOT,2009,0
British Indian Ocean Territory,IOT,2010,0
British Indian Ocean Territory,IOT,2011,0
British Indian Ocean Territory,IOT,2012,0
British Indian Ocean Territory,IOT,2013,0
British Indian Ocean Territory,IOT,2014,0
British Indian Ocean Territory,IOT,2015,0
British Indian Ocean Territory,IOT,2016,0
British Indian Ocean Territory,IOT,2017,0
British Indian Ocean Territory,IOT,2018,0
British Indian Ocean Territory,IOT,2019,0
British Indian Ocean Territory,IOT,2020,0
British Indian Ocean Territory,IOT,2021,0
British Indian Ocean Territory,IOT,2022,0
British Indian Ocean Territory,IOT,2023,0
British Indian Ocean Territory,IOT,2024,0
British Indian Ocean Territory,IOT,2025,0
British Virgin Islands,VGB,2003,0
British Virgin Islands,VGB,2004,0
British Virgin Islands,VGB,2005,0
British Virgin Islands,VGB,2006,0
British Virgin Islands,VGB,2007,0
British Virgin Islands,VGB,2008,0
British Virgin Islands,VGB,2009,0
British Virgin Islands,VGB,2010,0
British Virgin Islands,VGB,2011,0
British Virgin Islands,VGB,2012,0
British Virgin Islands,VGB,2013,0
British Virgin Islands,VGB,2014,0
British Virgin Islands,VGB,2015,3770.54
British Virgin Islands,VGB,2016,0
British Virgin Islands,VGB,2017,0
British Virgin Islands,VGB,2018,74419.76
British Virgin Islands,VGB,2019,77669.87
British Virgin Islands,VGB,2020,603050.25
British Virgin Islands,VGB,2021,47805.12
British Virgin Islands,VGB,2022,131008.33
British Virgin Islands,VGB,2023,0
British Virgin Islands,VGB,2024,0
British Virgin Islands,VGB,2025,0
Brunei,BRN,2003,256798.92
Brunei,BRN,2004,409674.12
Brunei,BRN,2005,462257.56
Brunei,BRN,2006,30381.121
Brunei,BRN,2007,94799.58
Brunei,BRN,2008,137482.66
Brunei,BRN,2009,114670.14
Brunei,BRN,2010,314082.53
Brunei,BRN,2011,62051.78
Brunei,BRN,2012,189850.52
Brunei,BRN,2013,141095.9
Brunei,BRN,2014,293401.78
Brunei,BRN,2015,265624.38
Brunei,BRN,2016,1301146.1
Brunei,BRN,2017,259862.64
Brunei,BRN,2018,97098.39
Brunei,BRN,2019,409986.6
Brunei,BRN,2020,553324.7
Brunei,BRN,2021,261875.31
Brunei,BRN,2022,77018.69
Brunei,BRN,2023,120990.19
Brunei,BRN,2024,307766.44
Brunei,BRN,2025,82205.61
Bulgaria,BGR,2003,604686.06
Bulgaria,BGR,2004,1076243.1
Bulgaria,BGR,2005,628969.25
Bulgaria,BGR,2006,1146743.4
Bulgaria,BGR,2007,885474.94
Bulgaria,BGR,2008,623518.8
Bulgaria,BGR,2009,272042.8
Bulgaria,BGR,2010,301788
Bulgaria,BGR,2011,788752.25
Bulgaria,BGR,2012,795277.9
Bulgaria,BGR,2013,498621.38
Bulgaria,BGR,2014,356349.25
Bulgaria,BGR,2015,367500.78
Bulgaria,BGR,2016,535574.94
Bulgaria,BGR,2017,601347.75
Bulgaria,BGR,2018,378063.4
Bulgaria,BGR,2019,772916.44
Bulgaria,BGR,2020,217163.77
Bulgaria,BGR,2021,210855.64
Bulgaria,BGR,2022,243370.16
Bulgaria,BGR,2023,222986.02
Bulgaria,BGR,2024,432547.34
Bulgaria,BGR,2025,422713.34
Burkina Faso,BFA,2003,24568348
Burkina Faso,BFA,2004,24077556
Burkina Faso,BFA,2005,24396914
Burkina Faso,BFA,2006,20087308
Burkina Faso,BFA,2007,18935872
Burkina Faso,BFA,2008,19394472
Burkina Faso,BFA,2009,20706362
Burkina Faso,BFA,2010,23704956
Burkina Faso,BFA,2011,21305060
Burkina Faso,BFA,2012,15088543
Burkina Faso,BFA,2013,16739388
Burkina Faso,BFA,2014,14057664
Burkina Faso,BFA,2015,11566418
Burkina Faso,BFA,2016,15693065
Burkina Faso,BFA,2017,14041641
Burkina Faso,BFA,2018,10935680
Burkina Faso,BFA,2019,10827722
Burkina Faso,BFA,2020,9993007
Burkina Faso,BFA,2021,10644543
Burkina Faso,BFA,2022,8718294
Burkina Faso,BFA,2023,12187163
Burkina Faso,BFA,2024,18223506
Burkina Faso,BFA,2025,13850103
Burundi,BDI,2003,1476102.5
Burundi,BDI,2004,1737860.2
Burundi,BDI,2005,1123799
Burundi,BDI,2006,555174.9
Burundi,BDI,2007,605248.5
Burundi,BDI,2008,728508.06
Burundi,BDI,2009,622959.06
Burundi,BDI,2010,1286688.8
Burundi,BDI,2011,303103.75
Burundi,BDI,2012,538822.94
Burundi,BDI,2013,791019.9
Burundi,BDI,2014,621480.06
Burundi,BDI,2015,1134348.2
Burundi,BDI,2016,1091969.1
Burundi,BDI,2017,388572.78
Burundi,BDI,2018,342429.28
Burundi,BDI,2019,523076.6
Burundi,BDI,2020,445294.2
Burundi,BDI,2021,392471.78
Burundi,BDI,2022,482603.78
Burundi,BDI,2023,532166
Burundi,BDI,2024,824424
Burundi,BDI,2025,423094.12
Cambodia,KHM,2003,29171142
Cambodia,KHM,2004,41949516
Cambodia,KHM,2005,30453106
Cambodia,KHM,2006,22118272
Cambodia,KHM,2007,28173874
Cambodia,KHM,2008,26022394
Cambodia,KHM,2009,26431132
Cambodia,KHM,2010,35568332
Cambodia,KHM,2011,38960204
Cambodia,KHM,2012,32602758
Cambodia,KHM,2013,49810560
Cambodia,KHM,2014,38357784
Cambodia,KHM,2015,42140784
Cambodia,KHM,2016,55826350
Cambodia,KHM,2017,17246368
Cambodia,KHM,2018,22530402
Cambodia,KHM,2019,28369964
Cambodia,KHM,2020,27773648
Cambodia,KHM,2021,26352844
Cambodia,KHM,2022,14119597
Cambodia,KHM,2023,16988236
Cambodia,KHM,2024,20636668
Cambodia,KHM,2025,16299046
Cameroon,CMR,2003,70927710
Cameroon,CMR,2004,67026548
Cameroon,CMR,2005,62483148
Cameroon,CMR,2006,50027136
Cameroon,CMR,2007,68624670
Cameroon,CMR,2008,59250716
Cameroon,CMR,2009,48072268
Cameroon,CMR,2010,49440572
Cameroon,CMR,2011,47443108
Cameroon,CMR,2012,40831624
Cameroon,CMR,2013,40588396
Cameroon,CMR,2014,40849280
Cameroon,CMR,2015,37465904
Cameroon,CMR,2016,51188456
Cameroon,CMR,2017,37860336
Cameroon,CMR,2018,32091854
Cameroon,CMR,2019,31781564
Cameroon,CMR,2020,39369570
Cameroon,CMR,2021,40675092
Cameroon,CMR,2022,33522404
Cameroon,CMR,2023,37981920
Cameroon,CMR,2024,30250158
Cameroon,CMR,2025,37795584
Canada,CAN,2003,197219410
Canada,CAN,2004,231982820
Canada,CAN,2005,134575980
Canada,CAN,2006,181728270
Canada,CAN,2007,175012910
Canada,CAN,2008,106863220
Canada,CAN,2009,85561110
Canada,CAN,2010,235061970
Canada,CAN,2011,179480820
Canada,CAN,2012,163528900
Canada,CAN,2013,354768860
Canada,CAN,2014,394465150
Canada,CAN,2015,327092500
Canada,CAN,2016,103389800
Canada,CAN,2017,308962750
Canada,CAN,2018,161809440
Canada,CAN,2019,148870460
Canada,CAN,2020,28272590
Canada,CAN,2021,282139200
Canada,CAN,2022,152049660
Canada,CAN,2023,1319571000
Canada,CAN,2024,622209600
Canada,CAN,2025,741203200
Cape Verde,CPV,2003,624513.1
Cape Verde,CPV,2004,5086.32
Cape Verde,CPV,2005,0
Cape Verde,CPV,2006,30640.191
Cape Verde,CPV,2007,0
Cape Verde,CPV,2008,2894.65
Cape Verde,CPV,2009,0
Cape Verde,CPV,2010,30517.95
Cape Verde,CPV,2011,0
Cape Verde,CPV,2012,9518.54
Cape Verde,CPV,2013,255330.45
Cape Verde,CPV,2014,289146.97
Cape Verde,CPV,2015,0
Cape Verde,CPV,2016,104618.78
Cape Verde,CPV,2017,759035.8
Cape Verde,CPV,2018,735339.2
Cape Verde,CPV,2019,554916.7
Cape Verde,CPV,2020,726730.4
Cape Verde,CPV,2021,1020736.7
Cape Verde,CPV,2022,598008.3
Cape Verde,CPV,2023,835550.5
Cape Verde,CPV,2024,1684547.4
Cape Verde,CPV,2025,138237.9
Cayman Islands,CYM,2003,0
Cayman Islands,CYM,2004,0
Cayman Islands,CYM,2005,0
Cayman Islands,CYM,2006,0
Cayman Islands,CYM,2007,0
Cayman Islands,CYM,2008,0
Cayman Islands,CYM,2009,0
Cayman Islands,CYM,2010,0
Cayman Islands,CYM,2011,0
Cayman Islands,CYM,2012,0
Cayman Islands,CYM,2013,0
Cayman Islands,CYM,2014,0
Cayman Islands,CYM,2015,0
Cayman Islands,CYM,2016,0
Cayman Islands,CYM,2017,0
Cayman Islands,CYM,2018,0
Cayman Islands,CYM,2019,0
Cayman Islands,CYM,2020,0
Cayman Islands,CYM,2021,0
Cayman Islands,CYM,2022,0
Cayman Islands,CYM,2023,0
Cayman Islands,CYM,2024,0
Cayman Islands,CYM,2025,0
Central African Republic,CAF,2003,261427570
Central African Republic,CAF,2004,223693810
Central African Republic,CAF,2005,243124660
Central African Republic,CAF,2006,214371840
Central African Republic,CAF,2007,227406380
Central African Republic,CAF,2008,262176450
Central African Republic,CAF,2009,163076260
Central African Republic,CAF,2010,175737650
Central African Republic,CAF,2011,208095890
Central African Republic,CAF,2012,159166080
Central African Republic,CAF,2013,166814240
Central African Republic,CAF,2014,193873600
Central African Republic,CAF,2015,202570110
Central African Republic,CAF,2016,218720300
Central African Republic,CAF,2017,152311000
Central African Republic,CAF,2018,170857680
Central African Republic,CAF,2019,128341070
Central African Republic,CAF,2020,151277100
Central African Republic,CAF,2021,140505680
Central African Republic,CAF,2022,143639380
Central African Republic,CAF,2023,113473450
Central African Republic,CAF,2024,104383340
Central African Republic,CAF,2025,89451920
Chad,TCD,2003,89079760
Chad,TCD,2004,98112270
Chad,TCD,2005,90804260
Chad,TCD,2006,84329440
Chad,TCD,2007,87947640
Chad,TCD,2008,77938130
Chad,TCD,2009,57913870
Chad,TCD,2010,63186340
Chad,TCD,2011,69016000
Chad,TCD,2012,70717200
Chad,TCD,2013,63392692
Chad,TCD,2014,52345612
Chad,TCD,2015,51348956
Chad,TCD,2016,73789736
Chad,TCD,2017,47596956
Chad,TCD,2018,53498220
Chad,TCD,2019,43703810
Chad,TCD,2020,46338840
Chad,TCD,2021,50179756
Chad,TCD,2022,35621828
Chad,TCD,2023,37145520
Chad,TCD,2024,33631340
Chad,TCD,2025,31327954
Chile,CHL,2003,7858790.5
Chile,CHL,2004,8746091
Chile,CHL,2005,8210546
Chile,CHL,2006,6103052.5
Chile,CHL,2007,9197445
Chile,CHL,2008,11601411
Chile,CHL,2009,11320264
Chile,CHL,2010,9667314
Chile,CHL,2011,11878583
Chile,CHL,2012,9048159
Chile,CHL,2013,7686309
Chile,CHL,2014,10417693
Chile,CHL,2015,11103969
Chile,CHL,2016,12108594
Chile,CHL,2017,28273238
Chile,CHL,2018,6348315.5
Chile,CHL,2019,9689593
Chile,CHL,2020,7717737.5
Chile,CHL,2021,7368565
Chile,CHL,2022,8659065
Chile,CHL,2023,22913240
Chile,CHL,2024,7570356.5
Chile,CHL,2025,8824492
China,CHN,2003,114987496
China,CHN,2004,82399800
China,CHN,2005,61957876
China,CHN,2006,67864900
China,CHN,2007,68257780
China,CHN,2008,90396510
China,CHN,2009,75349080
China,CHN,2010,78634430
China,CHN,2011,63539624
China,CHN,2012,60963236
China,CHN,2013,67574600
China,CHN,2014,75477120
China,CHN,2015,68094340
China,CHN,2016,52971868
China,CHN,2017,61242884
China,CHN,2018,55779788
China,CHN,2019,60838780
China,CHN,2020,62504670
China,CHN,2021,51979536
China,CHN,2022,61035000
China,CHN,2023,63862804
China,CHN,2024,59889320
China,CHN,2025,67006450
Christmas Island,CXR,2003,0
Christmas Island,CXR,2004,0
Christmas Island,CXR,2005,0
Christmas Island,CXR,2006,0
Christmas Island,CXR,2007,0
Christmas Island,CXR,2008,0
Christmas Island,CXR,2009,0
Christmas Island,CXR,2010,0
Christmas Island,CXR,2011,0
Christmas Island,CXR,2012,0
Christmas Island,CXR,2013,0
Christmas Island,CXR,2014,0
Christmas Island,CXR,2015,0
Christmas Island,CXR,2016,0
Christmas Island,CXR,2017,0
Christmas Island,CXR,2018,0
Christmas Island,CXR,2019,0
Christmas Island,CXR,2020,0
Christmas Island,CXR,2021,0
Christmas Island,CXR,2022,0
Christmas Island,CXR,2023,0
Christmas Island,CXR,2024,0
Christmas Island,CXR,2025,0
Cocos Islands,CCK,2003,0
Cocos Islands,CCK,2004,0
Cocos Islands,CCK,2005,0
Cocos Islands,CCK,2006,0
Cocos Islands,CCK,2007,0
Cocos Islands,CCK,2008,0
Cocos Islands,CCK,2009,0
Cocos Islands,CCK,2010,0
Cocos Islands,CCK,2011,0
Cocos Islands,CCK,2012,0
Cocos Islands,CCK,2013,0
Cocos Islands,CCK,2014,0
Cocos Islands,CCK,2015,0
Cocos Islands,CCK,2016,0
Cocos Islands,CCK,2017,0
Cocos Islands,CCK,2018,0
Cocos Islands,CCK,2019,0
Cocos Islands,CCK,2020,0
Cocos Islands,CCK,2021,0
Cocos Islands,CCK,2022,0
Cocos Islands,CCK,2023,0
Cocos Islands,CCK,2024,0
Cocos Islands,CCK,2025,0
Colombia,COL,2003,50948320
Colombia,COL,2004,55424516
Colombia,COL,2005,32232466
Colombia,COL,2006,28047182
Colombia,COL,2007,55723010
Colombia,COL,2008,34563016
Colombia,COL,2009,33391678
Colombia,COL,2010,29869660
Colombia,COL,2011,25100872
Colombia,COL,2012,28280436
Colombia,COL,2013,29670228
Colombia,COL,2014,35779190
Colombia,COL,2015,27953298
Colombia,COL,2016,45324296
Colombia,COL,2017,26861230
Colombia,COL,2018,42760044
Colombia,COL,2019,35990412
Colombia,COL,2020,43179324
Colombia,COL,2021,28258602
Colombia,COL,2022,41625440
Colombia,COL,2023,25865058
Colombia,COL,2024,30764760
Colombia,COL,2025,22294902
Comoros,COM,2003,56108.28
Comoros,COM,2004,53358.09
Comoros,COM,2005,312706.9
Comoros,COM,2006,230370.22
Comoros,COM,2007,78007.586
Comoros,COM,2008,127512.39
Comoros,COM,2009,39051.24
Comoros,COM,2010,59849.05
Comoros,COM,2011,22292.58
Comoros,COM,2012,55786.57
Comoros,COM,2013,54770.05
Comoros,COM,2014,58480.008
Comoros,COM,2015,46328.7
Comoros,COM,2016,20397.98
Comoros,COM,2017,20867.51
Comoros,COM,2018,75118.35
Comoros,COM,2019,52462.34
Comoros,COM,2020,17204.73
Comoros,COM,2021,25126.371
Comoros,COM,2022,14886.82
Comoros,COM,2023,14135.7705
Comoros,COM,2024,70471.58
Comoros,COM,2025,22068.26
Congo,COG,2003,21914240
Congo,COG,2004,23212330
Congo,COG,2005,26545666
Congo,COG,2006,24901514
Congo,COG,2007,22167410
Congo,COG,2008,25296128
Congo,COG,2009,24612896
Congo,COG,2010,28489098
Congo,COG,2011,30742290
Congo,COG,2012,24678330
Congo,COG,2013,29449296
Congo,COG,2014,21684060
Congo,COG,2015,24244442
Congo,COG,2016,30640964
Congo,COG,2017,18895602
Congo,COG,2018,23809944
Congo,COG,2019,19647040
Congo,COG,2020,19820984
Congo,COG,2021,23293368
Congo,COG,2022,24483990
Congo,COG,2023,18642082
Congo,COG,2024,27147298
Congo,COG,2025,21759436
Cook Islands,COK,2003,0
Cook Islands,COK,2004,0
Cook Islands,COK,2005,0
Cook Islands,COK,2006,0
Cook Islands,COK,2007,0
Cook Islands,COK,2008,0
Cook Islands,COK,2009,0
Cook Islands,COK,2010,0
Cook Islands,COK,2011,0
Cook Islands,COK,2012,0
Cook Islands,COK,2013,0
Cook Islands,COK,2014,0
Cook Islands,COK,2015,0
Cook Islands,COK,2016,0
Cook Islands,COK,2017,0
Cook Islands,COK,2018,0
Cook Islands,COK,2019,0
Cook Islands,COK,2020,0
Cook Islands,COK,2021,0
Cook Islands,COK,2022,0
Cook Islands,COK,2023,0
Cook Islands,COK,2024,0
Cook Islands,COK,2025,0
Costa Rica,CRI,2003,1219589.8
Costa Rica,CRI,2004,1244890.2
Costa Rica,CRI,2005,757055
Costa Rica,CRI,2006,652812.56
Costa Rica,CRI,2007,770594
Costa Rica,CRI,2008,752615.75
Costa Rica,CRI,2009,687573.7
Costa Rica,CRI,2010,727803.8
Costa Rica,CRI,2011,505742.66
Costa Rica,CRI,2012,851865.06
Costa Rica,CRI,2013,1138818.6
Costa Rica,CRI,2014,1047134.56
Costa Rica,CRI,2015,1120807.4
Costa Rica,CRI,2016,1757654.9
Costa Rica,CRI,2017,834993.1
Costa Rica,CRI,2018,670486.6
Costa Rica,CRI,2019,812472.4
Costa Rica,CRI,2020,938570.9
Costa Rica,CRI,2021,458366.8
Costa Rica,CRI,2022,759625.94
Costa Rica,CRI,2023,661216.8
Costa Rica,CRI,2024,829684.5
Costa Rica,CRI,2025,267291.62
Cote d'Ivoire,CIV,2003,59655980
Cote d'Ivoire,CIV,2004,42129590
Cote d'Ivoire,CIV,2005,53067284
Cote d'Ivoire,CIV,2006,50573224
Cote d'Ivoire,CIV,2007,48783204
Cote d'Ivoire,CIV,2008,56689668
Cote d'Ivoire,CIV,2009,45823016
Cote d'Ivoire,CIV,2010,38207690
Cote d'Ivoire,CIV,2011,45144188
Cote d'Ivoire,CIV,2012,36168490
Cote d'Ivoire,CIV,2013,43457428
Cote d'Ivoire,CIV,2014,27421798
Cote d'Ivoire,CIV,2015,28656548
Cote d'Ivoire,CIV,2016,34886468
Cote d'Ivoire,CIV,2017,20480064
Cote d'Ivoire,CIV,2018,19416438
Cote d'Ivoire,CIV,2019,17460384
Cote d'Ivoire,CIV,2020,19404324
Cote d'Ivoire,CIV,2021,13889426
Cote d'Ivoire,CIV,2022,16121528
Cote d'Ivoire,CIV,2023,12200040
Cote d'Ivoire,CIV,2024,18685698
Cote d'Ivoire,CIV,2025,10781894
Croatia,HRV,2003,1228319.9
Croatia,HRV,2004,207219.47
Croatia,HRV,2005,356876.62
Croatia,HRV,2006,89520
Croatia,HRV,2007,640987.06
Croatia,HRV,2008,260379.31
Croatia,HRV,2009,218521.83
Croatia,HRV,2010,64288.16
Croatia,HRV,2011,711122.75
Croatia,HRV,2012,732168.94
Croatia,HRV,2013,43060.27
Croatia,HRV,2014,49601.88
Croatia,HRV,2015,472220.94
Croatia,HRV,2016,149614.52
Croatia,HRV,2017,1222446.6
Croatia,HRV,2018,109813.484
Croatia,HRV,2019,191407.45
Croatia,HRV,2020,126689.8
Croatia,HRV,2021,170284.4
Croatia,HRV,2022,365661.7
Croatia,HRV,2023,223133.86
Croatia,HRV,2024,132402.78
Croatia,HRV,2025,52772.1
Cuba,CUB,2003,2177367.5
Cuba,CUB,2004,8355241
Cuba,CUB,2005,5001503.5
Cuba,CUB,2006,5469777.5
Cuba,CUB,2007,3114409.5
Cuba,CUB,2008,3202650.2
Cuba,CUB,2009,5311488.5
Cuba,CUB,2010,2777374.5
Cuba,CUB,2011,5987401.5
Cuba,CUB,2012,2766698
Cuba,CUB,2013,3368813.8
Cuba,CUB,2014,2042485.6
Cuba,CUB,2015,4448570
Cuba,CUB,2016,2415842.5
Cuba,CUB,2017,3467726.5
Cuba,CUB,2018,1435670.5
Cuba,CUB,2019,1816012.9
Cuba,CUB,2020,4913981
Cuba,CUB,2021,3589623.5
Cuba,CUB,2022,1816576.6
Cuba,CUB,2023,5125120
Cuba,CUB,2024,3147818.5
Cuba,CUB,2025,5087090
Curacao,CUW,2003,2503.74
Curacao,CUW,2004,72469.59
Curacao,CUW,2005,5039.88
Curacao,CUW,2006,33638.53
Curacao,CUW,2007,10009.07
Curacao,CUW,2008,4986.8203
Curacao,CUW,2009,15627.84
Curacao,CUW,2010,3278.81
Curacao,CUW,2011,13096.46
Curacao,CUW,2012,10229.04
Curacao,CUW,2013,5202.12
Curacao,CUW,2014,8646.58
Curacao,CUW,2015,2594.13
Curacao,CUW,2016,12835.44
Curacao,CUW,2017,2162.1401
Curacao,CUW,2018,0
Curacao,CUW,2019,1317.47
Curacao,CUW,2020,454.09
Curacao,CUW,2021,6684.59
Curacao,CUW,2022,3044.6199
Curacao,CUW,2023,1974.83
Curacao,CUW,2024,1505.58
Curacao,CUW,2025,2067.24
Cyprus,CYP,2003,75673.98
Cyprus,CYP,2004,30846.98
Cyprus,CYP,2005,24062.41
Cyprus,CYP,2006,55840.69
Cyprus,CYP,2007,166947.33
Cyprus,CYP,2008,121844.69
Cyprus,CYP,2009,20826.62
Cyprus,CYP,2010,112830.18
Cyprus,CYP,2011,88730.195
Cyprus,CYP,2012,91381.58
Cyprus,CYP,2013,152375.22
Cyprus,CYP,2014,31696.45
Cyprus,CYP,2015,31052.379
Cyprus,CYP,2016,63341.46
Cyprus,CYP,2017,30564.03
Cyprus,CYP,2018,43688.2
Cyprus,CYP,2019,18653.879
Cyprus,CYP,2020,64175.59
Cyprus,CYP,2021,240691.89
Cyprus,CYP,2022,32055.41
Cyprus,CYP,2023,52863.31
Cyprus,CYP,2024,99885.64
Cyprus,CYP,2025,274056.94
Czechia,CZE,2003,189324.94
Czechia,CZE,2004,105697.46
Czechia,CZE,2005,176939.06
Czechia,CZE,2006,101918.08
Czechia,CZE,2007,107517.34
Czechia,CZE,2008,65424.67
Czechia,CZE,2009,138629.19
Czechia,CZE,2010,137870.81
Czechia,CZE,2011,128330.32
Czechia,CZE,2012,81782.9
Czechia,CZE,2013,113877.09
Czechia,CZE,2014,185756.33
Czechia,CZE,2015,104829.09
Czechia,CZE,2016,154863.16
Czechia,CZE,2017,117015.09
Czechia,CZE,2018,78331.75
Czechia,CZE,2019,80436.08
Czechia,CZE,2020,91550.31
Czechia,CZE,2021,80861.54
Czechia,CZE,2022,122618.84
Czechia,CZE,2023,76890.21
Czechia,CZE,2024,55878.41
Czechia,CZE,2025,79281.35
Democratic Republic of Congo,COD,2003,569716300
Democratic Republic of Congo,COD,2004,639166000
Democratic Republic of Congo,COD,2005,624546750
Democratic Republic of Congo,COD,2006,638546940
Democratic Republic of Congo,COD,2007,571952000
Democratic Republic of Congo,COD,2008,590976600
Democratic Republic of Congo,COD,2009,602729860
Democratic Republic of Congo,COD,2010,624455360
Democratic Republic of Congo,COD,2011,599573250
Democratic Republic of Congo,COD,2012,556741700
Democratic Republic of Congo,COD,2013,624062200
Democratic Republic of Congo,COD,2014,586272500
Democratic Republic of Congo,COD,2015,629647170
Democratic Republic of Congo,COD,2016,723354430
Democratic Republic of Congo,COD,2017,525505700
Democratic Republic of Congo,COD,2018,533597250
Democratic Republic of Congo,COD,2019,515758850
Democratic Republic of Congo,COD,2020,511978000
Democratic Republic of Congo,COD,2021,552596740
Democratic Republic of Congo,COD,2022,561822900
Democratic Republic of Congo,COD,2023,461642080
Democratic Republic of Congo,COD,2024,486453700
Democratic Republic of Congo,COD,2025,403255940
Denmark,DNK,2003,243824.36
Denmark,DNK,2004,223922.19
Denmark,DNK,2005,138774.83
Denmark,DNK,2006,152529.86
Denmark,DNK,2007,61764.35
Denmark,DNK,2008,48217.14
Denmark,DNK,2009,45519.29
Denmark,DNK,2010,21619.95
Denmark,DNK,2011,36841.8
Denmark,DNK,2012,86788.62
Denmark,DNK,2013,70803.37
Denmark,DNK,2014,38484.56
Denmark,DNK,2015,41235.2
Denmark,DNK,2016,59625.09
Denmark,DNK,2017,81714.266
Denmark,DNK,2018,280593.34
Denmark,DNK,2019,33009.65
Denmark,DNK,2020,23431.65
Denmark,DNK,2021,77586.35
Denmark,DNK,2022,113445.01
Denmark,DNK,2023,61570.21
Denmark,DNK,2024,31484.06
Denmark,DNK,2025,114304.81
Djibouti,DJI,2003,5388.4297
Djibouti,DJI,2004,33485.96
Djibouti,DJI,2005,12100.08
Djibouti,DJI,2006,33468.92
Djibouti,DJI,2007,22211.66
Djibouti,DJI,2008,22358.451
Djibouti,DJI,2009,37185.01
Djibouti,DJI,2010,84448.26
Djibouti,DJI,2011,46725.83
Djibouti,DJI,2012,17845.78
Djibouti,DJI,2013,22102.799
Djibouti,DJI,2014,108594.75
Djibouti,DJI,2015,80353.375
Djibouti,DJI,2016,114869.35
Djibouti,DJI,2017,106221.1
Djibouti,DJI,2018,12913.51
Djibouti,DJI,2019,37173.81
Djibouti,DJI,2020,264995.38
Djibouti,DJI,2021,14885.48
Djibouti,DJI,2022,360239.78
Djibouti,DJI,2023,89915.89
Djibouti,DJI,2024,229031.28
Djibouti,DJI,2025,4686.87
Dominica,DMA,2003,774.6
Dominica,DMA,2004,2192.91
Dominica,DMA,2005,2516.4302
Dominica,DMA,2006,904.71
Dominica,DMA,2007,3371.33
Dominica,DMA,2008,1154.06
Dominica,DMA,2009,0
Dominica,DMA,2010,11019
Dominica,DMA,2011,5494.7197
Dominica,DMA,2012,12342.58
Dominica,DMA,2013,5116.52
Dominica,DMA,2014,1162.79
Dominica,DMA,2015,6628.52
Dominica,DMA,2016,2743.8
Dominica,DMA,2017,1251.6
Dominica,DMA,2018,0
Dominica,DMA,2019,5499.2197
Dominica,DMA,2020,18702.37
Dominica,DMA,2021,0
Dominica,DMA,2022,0
Dominica,DMA,2023,1051.8
Dominica,DMA,2024,725.79
Dominica,DMA,2025,0
Dominican Republic,DOM,2003,2389819.8
Dominican Republic,DOM,2004,2239026.5
Dominican Republic,DOM,2005,4415102.5
Dominican Republic,DOM,2006,2743925.8
Dominican Republic,DOM,2007,2509641
Dominican Republic,DOM,2008,2445509.2
Dominican Republic,DOM,2009,1430180.6
Dominican Republic,DOM,2010,1684563.8
Dominican Republic,DOM,2011,2229999.5
Dominican Republic,DOM,2012,1913948.4
Dominican Republic,DOM,2013,2158046.5
Dominican Republic,DOM,2014,1842821.1
Dominican Republic,DOM,2015,1849814.5
Dominican Republic,DOM,2016,931209.9
Dominican Republic,DOM,2017,837573.9
Dominican Republic,DOM,2018,1119703.8
Dominican Republic,DOM,2019,1634929
Dominican Republic,DOM,2020,1699090.5
Dominican Republic,DOM,2021,1638200.5
Dominican Republic,DOM,2022,1516391.4
Dominican Republic,DOM,2023,2051648.9
Dominican Republic,DOM,2024,959388.9
Dominican Republic,DOM,2025,1123383.9
East Timor,TLS,2003,958959.8
East Timor,TLS,2004,1631973
East Timor,TLS,2005,1072569.6
East Timor,TLS,2006,1766519
East Timor,TLS,2007,693377.2
East Timor,TLS,2008,927393.06
East Timor,TLS,2009,913861.6
East Timor,TLS,2010,99535.52
East Timor,TLS,2011,534467.56
East Timor,TLS,2012,729872.94
East Timor,TLS,2013,316254.44
East Timor,TLS,2014,1035396.56
East Timor,TLS,2015,638984.5
East Timor,TLS,2016,212571.7
East Timor,TLS,2017,385517.72
East Timor,TLS,2018,497016.44
East Timor,TLS,2019,808270.25
East Timor,TLS,2020,270414.28
East Timor,TLS,2021,181374.83
East Timor,TLS,2022,206748.19
East Timor,TLS,2023,503631.97
East Timor,TLS,2024,175926.44
East Timor,TLS,2025,97688.2
Ecuador,ECU,2003,5301394.5
Ecuador,ECU,2004,6367280
Ecuador,ECU,2005,10144596
Ecuador,ECU,2006,4282594
Ecuador,ECU,2007,7713616
Ecuador,ECU,2008,4762374.5
Ecuador,ECU,2009,9729519
Ecuador,ECU,2010,3339247.5
Ecuador,ECU,2011,6504684.5
Ecuador,ECU,2012,5438576.5
Ecuador,ECU,2013,7081182
Ecuador,ECU,2014,3705308.5
Ecuador,ECU,2015,12140606
Ecuador,ECU,2016,6388032
Ecuador,ECU,2017,6449880.5
Ecuador,ECU,2018,6504139
Ecuador,ECU,2019,6344494.5
Ecuador,ECU,2020,7030050
Ecuador,ECU,2021,6190472
Ecuador,ECU,2022,22003864
Ecuador,ECU,2023,5578537
Ecuador,ECU,2024,13154751
Ecuador,ECU,2025,4307409.5
Egypt,EGY,2003,812984.5
Egypt,EGY,2004,640785.56
Egypt,EGY,2005,609919.4
Egypt,EGY,2006,615928.5
Egypt,EGY,2007,526795.4
Egypt,EGY,2008,533847.25
Egypt,EGY,2009,496300.53
Egypt,EGY,2010,641979.4
Egypt,EGY,2011,562328.6
Egypt,EGY,2012,512657.38
Egypt,EGY,2013,629970.44
Egypt,EGY,2014,739390.8
Egypt,EGY,2015,888565.6
Egypt,EGY,2016,1424925.1
Egypt,EGY,2017,7514153.5
Egypt,EGY,2018,4684492.5
Egypt,EGY,2019,4700203.5
Egypt,EGY,2020,2272399.5
Egypt,EGY,2021,2046701.4
Egypt,EGY,2022,1914249.2
Egypt,EGY,2023,2767256
Egypt,EGY,2024,4099136.2
Egypt,EGY,2025,2051732.6
El Salvador,SLV,2003,1242595.2
El Salvador,SLV,2004,1624467.4
El Salvador,SLV,2005,1092658
El Salvador,SLV,2006,1038825.3
El Salvador,SLV,2007,942957.2
El Salvador,SLV,2008,615704.9
El Salvador,SLV,2009,736232.9
El Salvador,SLV,2010,692625.8
El Salvador,SLV,2011,708127.75
El Salvador,SLV,2012,722234.5
El Salvador,SLV,2013,1307941.9
El Salvador,SLV,2014,1138093.5
El Salvador,SLV,2015,1384903.2
El Salvador,SLV,2016,900115.44
El Salvador,SLV,2017,1318715
El Salvador,SLV,2018,1046601.9
El Salvador,SLV,2019,1036031.2
El Salvador,SLV,2020,880153.25
El Salvador,SLV,2021,613589.9
El Salvador,SLV,2022,731635.8
El Salvador,SLV,2023,778318.75
El Salvador,SLV,2024,790000.25
El Salvador,SLV,2025,612216.5
Equatorial Guinea,GNQ,2003,68705.5
Equatorial Guinea,GNQ,2004,66849.77
Equatorial Guinea,GNQ,2005,87256.86
Equatorial Guinea,GNQ,2006,80699.38
Equatorial Guinea,GNQ,2007,131016.03
Equatorial Guinea,GNQ,2008,155850.31
Equatorial Guinea,GNQ,2009,43672.4
Equatorial Guinea,GNQ,2010,67170.98
Equatorial Guinea,GNQ,2011,114799.78
Equatorial Guinea,GNQ,2012,42454.08
Equatorial Guinea,GNQ,2013,83448.6
Equatorial Guinea,GNQ,2014,257497.66
Equatorial Guinea,GNQ,2015,160644.1
Equatorial Guinea,GNQ,2016,177824.64
Equatorial Guinea,GNQ,2017,58871.77
Equatorial Guinea,GNQ,2018,145105.62
Equatorial Guinea,GNQ,2019,173931.1
Equatorial Guinea,GNQ,2020,151493.08
Equatorial Guinea,GNQ,2021,161461.97
Equatorial Guinea,GNQ,2022,153442.27
Equatorial Guinea,GNQ,2023,190286.58
Equatorial Guinea,GNQ,2024,192536.6
Equatorial Guinea,GNQ,2025,234726.7
Eritrea,ERI,2003,275154.88
Eritrea,ERI,2004,206165.38
Eritrea,ERI,2005,265936.44
Eritrea,ERI,2006,191029.47
Eritrea,ERI,2007,619583.6
Eritrea,ERI,2008,666803.5
Eritrea,ERI,2009,283062.9
Eritrea,ERI,2010,460834.03
Eritrea,ERI,2011,10005771
Eritrea,ERI,2012,311497.47
Eritrea,ERI,2013,233395.52
Eritrea,ERI,2014,405346.47
Eritrea,ERI,2015,402568.44
Eritrea,ERI,2016,334710.34
Eritrea,ERI,2017,28715900
Eritrea,ERI,2018,26289394
Eritrea,ERI,2019,39053060
Eritrea,ERI,2020,32333812
Eritrea,ERI,2021,30308132
Eritrea,ERI,2022,19356688
Eritrea,ERI,2023,26794024
Eritrea,ERI,2024,16563759
Eritrea,ERI,2025,5973279
Estonia,EST,2003,94013.695
Estonia,EST,2004,60300.332
Estonia,EST,2005,6220.6
Estonia,EST,2006,96217.65
Estonia,EST,2007,15254.14
Estonia,EST,2008,86720.56
Estonia,EST,2009,1375.51
Estonia,EST,2010,2460.15
Estonia,EST,2011,6344.8003
Estonia,EST,2012,500.34
Estonia,EST,2013,3251.72
Estonia,EST,2014,4214.07
Estonia,EST,2015,7402.0195
Estonia,EST,2016,2559.36
Estonia,EST,2017,1853.92
Estonia,EST,2018,23127.58
Estonia,EST,2019,10835.16
Estonia,EST,2020,7025.73
Estonia,EST,2021,5043.85
Estonia,EST,2022,2077.85
Estonia,EST,2023,6888.5205
Estonia,EST,2024,4558
Estonia,EST,2025,4507.46
Eswatini,SWZ,2003,1895080.4
Eswatini,SWZ,2004,1491909.8
Eswatini,SWZ,2005,1795795.4
Eswatini,SWZ,2006,698107.94
Eswatini,SWZ,2007,4170264.5
Eswatini,SWZ,2008,4246113
Eswatini,SWZ,2009,965420.7
Eswatini,SWZ,2010,2605649.2
Eswatini,SWZ,2011,2050662.5
Eswatini,SWZ,2012,2435831.5
Eswatini,SWZ,2013,2106808
Eswatini,SWZ,2014,3271885
Eswatini,SWZ,2015,1576297.9
Eswatini,SWZ,2016,1902521.1
Eswatini,SWZ,2017,1421297.2
Eswatini,SWZ,2018,1428256.4
Eswatini,SWZ,2019,2581290.5
Eswatini,SWZ,2020,2040177.8
Eswatini,SWZ,2021,2406368
Eswatini,SWZ,2022,1995089.5
Eswatini,SWZ,2023,1899378.1
Eswatini,SWZ,2024,2749235.8
Eswatini,SWZ,2025,1596171.8
Ethiopia,ETH,2003,73230640
Ethiopia,ETH,2004,71915230
Ethiopia,ETH,2005,84468080
Ethiopia,ETH,2006,65400184
Ethiopia,ETH,2007,82603910
Ethiopia,ETH,2008,78582870
Ethiopia,ETH,2009,73489736
Ethiopia,ETH,2010,56296304
Ethiopia,ETH,2011,68396700
Ethiopia,ETH,2012,70225180
Ethiopia,ETH,2013,69121976
Ethiopia,ETH,2014,58477730
Ethiopia,ETH,2015,71568200
Ethiopia,ETH,2016,71879120
Ethiopia,ETH,2017,64015150
Ethiopia,ETH,2018,60066624
Ethiopia,ETH,2019,46469148
Ethiopia,ETH,2020,41546148
Ethiopia,ETH,2021,50611830
Ethiopia,ETH,2022,36877380
Ethiopia,ETH,2023,44747284
Ethiopia,ETH,2024,40873604
Ethiopia,ETH,2025,49840410
Europe,OWID_EUR,2003,1347960600
Europe,OWID_EUR,2004,276833340
Europe,OWID_EUR,2005,546777860
Europe,OWID_EUR,2006,501115230
Europe,OWID_EUR,2007,402519600
Europe,OWID_EUR,2008,851597440
Europe,OWID_EUR,2009,437530400
Europe,OWID_EUR,2010,438458700
Europe,OWID_EUR,2011,522797400
Europe,OWID_EUR,2012,1053945200
Europe,OWID_EUR,2013,419904900
Europe,OWID_EUR,2014,596279360
Europe,OWID_EUR,2015,560662600
Europe,OWID_EUR,2016,689915840
Europe,OWID_EUR,2017,423930750
Europe,OWID_EUR,2018,673973250
Europe,OWID_EUR,2019,619159600
Europe,OWID_EUR,2020,639859500
Europe,OWID_EUR,2021,967495800
Europe,OWID_EUR,2022,303537280
Europe,OWID_EUR,2023,419239300
Europe,OWID_EUR,2024,579603260
Europe,OWID_EUR,2025,372373800
European Union (27),OWID_EU27,2003,37533144
European Union (27),OWID_EU27,2004,20873710
European Union (27),OWID_EU27,2005,33707300
European Union (27),OWID_EU27,2006,23623246
European Union (27),OWID_EU27,2007,35016210
European Union (27),OWID_EU27,2008,14520447
European Union (27),OWID_EU27,2009,19718874
European Union (27),OWID_EU27,2010,14343103
European Union (27),OWID_EU27,2011,21745328
European Union (27),OWID_EU27,2012,28975572
European Union (27),OWID_EU27,2013,18140496
European Union (27),OWID_EU27,2014,11232505
European Union (27),OWID_EU27,2015,14336672
European Union (27),OWID_EU27,2016,20018744
European Union (27),OWID_EU27,2017,41009336
European Union (27),OWID_EU27,2018,18357130
European Union (27),OWID_EU27,2019,18137328
European Union (27),OWID_EU27,2020,15183797
European Union (27),OWID_EU27,2021,26766902
European Union (27),OWID_EU27,2022,31198972
European Union (27),OWID_EU27,2023,22167094
European Union (27),OWID_EU27,2024,19968062
European Union (27),OWID_EU27,2025,43260084
Falkland Islands,FLK,2003,102035.734
Falkland Islands,FLK,2004,337753.97
Falkland Islands,FLK,2005,210679.52
Falkland Islands,FLK,2006,524824.6
Falkland Islands,FLK,2007,109179.93
Falkland Islands,FLK,2008,356987.38
Falkland Islands,FLK,2009,186168
Falkland Islands,FLK,2010,422471.9
Falkland Islands,FLK,2011,310623.75
Falkland Islands,FLK,2012,595708.06
Falkland Islands,FLK,2013,150885.56
Falkland Islands,FLK,2014,55574.75
Falkland Islands,FLK,2015,315760.25
Falkland Islands,FLK,2016,250960.03
Falkland Islands,FLK,2017,100512.16
Falkland Islands,FLK,2018,0
Falkland Islands,FLK,2019,0
Falkland Islands,FLK,2020,5782.69
Falkland Islands,FLK,2021,72991.016
Falkland Islands,FLK,2022,574621.56
Falkland Islands,FLK,2023,807082.3
Falkland Islands,FLK,2024,0
Falkland Islands,FLK,2025,0
Faroe Islands,FRO,2003,0
Faroe Islands,FRO,2004,0
Faroe Islands,FRO,2005,0
Faroe Islands,FRO,2006,0
Faroe Islands,FRO,2007,0
Faroe Islands,FRO,2008,0
Faroe Islands,FRO,2009,0
Faroe Islands,FRO,2010,0
Faroe Islands,FRO,2011,0
Faroe Islands,FRO,2012,0
Faroe Islands,FRO,2013,0
Faroe Islands,FRO,2014,0
Faroe Islands,FRO,2015,0
Faroe Islands,FRO,2016,0
Faroe Islands,FRO,2017,0
Faroe Islands,FRO,2018,0
Faroe Islands,FRO,2019,0
Faroe Islands,FRO,2020,0
Faroe Islands,FRO,2021,0
Faroe Islands,FRO,2022,0
Faroe Islands,FRO,2023,0
Faroe Islands,FRO,2024,0
Faroe Islands,FRO,2025,0
Fiji,FJI,2003,1672534.5
Fiji,FJI,2004,570231.8
Fiji,FJI,2005,1265670.9
Fiji,FJI,2006,997887.7
Fiji,FJI,2007,876921.8
Fiji,FJI,2008,979890.9
Fiji,FJI,2009,835719.1
Fiji,FJI,2010,1414678.9
Fiji,FJI,2011,362626.28
Fiji,FJI,2012,711351.25
Fiji,FJI,2013,724877.06
Fiji,FJI,2014,2293941.2
Fiji,FJI,2015,1591237
Fiji,FJI,2016,682828.4
Fiji,FJI,2017,3241279
Fiji,FJI,2018,2191132.8
Fiji,FJI,2019,677026.8
Fiji,FJI,2020,2370487.2
Fiji,FJI,2021,4443516
Fiji,FJI,2022,1177730
Fiji,FJI,2023,1543996.5
Fiji,FJI,2024,2089943.6
Fiji,FJI,2025,937800.25
Finland,FIN,2003,384013.2
Finland,FIN,2004,69965.91
Finland,FIN,2005,202166.14
Finland,FIN,2006,268292.8
Finland,FIN,2007,139423.61
Finland,FIN,2008,92956.9
Finland,FIN,2009,128554.03
Finland,FIN,2010,78031.53
Finland,FIN,2011,185707.31
Finland,FIN,2012,220262.55
Finland,FIN,2013,227046.34
Finland,FIN,2014,47155.008
Finland,FIN,2015,52574.13
Finland,FIN,2016,94535.836
Finland,FIN,2017,163677.06
Finland,FIN,2018,317200.88
Finland,FIN,2019,202222.5
Finland,FIN,2020,67831.48
Finland,FIN,2021,172727.84
Finland,FIN,2022,130422.586
Finland,FIN,2023,98765.01
Finland,FIN,2024,142053.58
Finland,FIN,2025,220396.64
France,FRA,2003,4792547.5
France,FRA,2004,2298102.5
France,FRA,2005,2065096
France,FRA,2006,1489992
France,FRA,2007,1193638.6
France,FRA,2008,1721214
France,FRA,2009,1187650
France,FRA,2010,1412990
France,FRA,2011,1213841.6
France,FRA,2012,1408052.5
France,FRA,2013,1128234.5
France,FRA,2014,1363780.9
France,FRA,2015,1216203
France,FRA,2016,1801138.2
France,FRA,2017,2470915.8
France,FRA,2018,1258102.4
France,FRA,2019,1779571.5
France,FRA,2020,1226702.5
France,FRA,2021,1813367.6
France,FRA,2022,4345118
France,FRA,2023,1250611.6
France,FRA,2024,1042012.5
France,FRA,2025,1422528.2
French Guiana,GUF,2003,540238.5
French Guiana,GUF,2004,623086.9
French Guiana,GUF,2005,663990.56
French Guiana,GUF,2006,589793.06
French Guiana,GUF,2007,604128.5
French Guiana,GUF,2008,989587.2
French Guiana,GUF,2009,584046.94
French Guiana,GUF,2010,466292.94
French Guiana,GUF,2011,404773.12
French Guiana,GUF,2012,628287.9
French Guiana,GUF,2013,506420.3
French Guiana,GUF,2014,418954.8
French Guiana,GUF,2015,1014639.06
French Guiana,GUF,2016,881444.44
French Guiana,GUF,2017,421657.7
French Guiana,GUF,2018,375832.22
French Guiana,GUF,2019,382804.16
French Guiana,GUF,2020,88005
French Guiana,GUF,2021,211745.08
French Guiana,GUF,2022,165472.48
French Guiana,GUF,2023,806756.44
French Guiana,GUF,2024,733500.44
French Guiana,GUF,2025,532176.4
French Polynesia,PYF,2003,0
French Polynesia,PYF,2004,0
French Polynesia,PYF,2005,0
French Polynesia,PYF,2006,0
French Polynesia,PYF,2007,0
French Polynesia,PYF,2008,0
French Polynesia,PYF,2009,0
French Polynesia,PYF,2010,0
French Polynesia,PYF,2011,0
French Polynesia,PYF,2012,0
French Polynesia,PYF,2013,0
French Polynesia,PYF,2014,0
French Polynesia,PYF,2015,0
French Polynesia,PYF,2016,0
French Polynesia,PYF,2017,0
French Polynesia,PYF,2018,0
French Polynesia,PYF,2019,0
French Polynesia,PYF,2020,0
French Polynesia,PYF,2021,0
French Polynesia,PYF,2022,0
French Polynesia,PYF,2023,0
French Polynesia,PYF,2024,0
French Polynesia,PYF,2025,0
French Southern Territories,ATF,2003,0
French Southern Territories,ATF,2004,0
French Southern Territories,ATF,2005,0
French Southern Territories,ATF,2006,0
French Southern Territories,ATF,2007,0
French Southern Territories,ATF,2008,0
French Southern Territories,ATF,2009,0
French Southern Territories,ATF,2010,0
French Southern Territories,ATF,2011,0
French Southern Territories,ATF,2012,0
French Southern Territories,ATF,2013,0
French Southern Territories,ATF,2014,0
French Southern Territories,ATF,2015,0
French Southern Territories,ATF,2016,0
French Southern Territories,ATF,2017,0
French Southern Territories,ATF,2018,0
French Southern Territories,ATF,2019,0
French Southern Territories,ATF,2020,0
French Southern Territories,ATF,2021,0
French Southern Territories,ATF,2022,0
French Southern Territories,ATF,2023,0
French Southern Territories,ATF,2024,0
French Southern Territories,ATF,2025,0
Gabon,GAB,2003,3056638.8
Gabon,GAB,2004,3743463.2
Gabon,GAB,2005,3199738.8
Gabon,GAB,2006,2682557
Gabon,GAB,2007,2563715.8
Gabon,GAB,2008,3039437.5
Gabon,GAB,2009,1857780
Gabon,GAB,2010,3024675.5
Gabon,GAB,2011,3752330
Gabon,GAB,2012,3029610
Gabon,GAB,2013,3336259.8
Gabon,GAB,2014,2626280.8
Gabon,GAB,2015,2582169.2
Gabon,GAB,2016,3337330.2
Gabon,GAB,2017,2256190
Gabon,GAB,2018,2426906.8
Gabon,GAB,2019,2227594.5
Gabon,GAB,2020,2728910.8
Gabon,GAB,2021,2339338.5
Gabon,GAB,2022,2501023.5
Gabon,GAB,2023,2000869.5
Gabon,GAB,2024,2772957.2
Gabon,GAB,2025,2517868.8
Gambia,GMB,2003,917048.06
Gambia,GMB,2004,1421140.2
Gambia,GMB,2005,1599358.2
Gambia,GMB,2006,2284717.2
Gambia,GMB,2007,1688366.4
Gambia,GMB,2008,1345877.1
Gambia,GMB,2009,1592746.1
Gambia,GMB,2010,1352128.2
Gambia,GMB,2011,1806087.6
Gambia,GMB,2012,1025006
Gambia,GMB,2013,1305113.4
Gambia,GMB,2014,1128294.1
Gambia,GMB,2015,572507.06
Gambia,GMB,2016,1247520.4
Gambia,GMB,2017,924104.2
Gambia,GMB,2018,1226422
Gambia,GMB,2019,698992
Gambia,GMB,2020,1287076.2
Gambia,GMB,2021,974258.06
Gambia,GMB,2022,1179911.4
Gambia,GMB,2023,1454047.5
Gambia,GMB,2024,1802723.2
Gambia,GMB,2025,941503.4
Georgia,GEO,2003,240462
Georgia,GEO,2004,418725.4
Georgia,GEO,2005,271229.8
Georgia,GEO,2006,331218.12
Georgia,GEO,2007,336798.03
Georgia,GEO,2008,341774.53
Georgia,GEO,2009,236543.38
Georgia,GEO,2010,269044.2
Georgia,GEO,2011,320118.44
Georgia,GEO,2012,297854.53
Georgia,GEO,2013,180203.95
Georgia,GEO,2014,382896.78
Georgia,GEO,2015,305613.44
Georgia,GEO,2016,234219.31
Georgia,GEO,2017,385285.9
Georgia,GEO,2018,106817.1
Georgia,GEO,2019,358758.94
Georgia,GEO,2020,338437.66
Georgia,GEO,2021,372126.94
Georgia,GEO,2022,251012.27
Georgia,GEO,2023,215826.75
Georgia,GEO,2024,169137.5
Georgia,GEO,2025,283463.62
Germany,DEU,2003,304980.38
Germany,DEU,2004,223589.48
Germany,DEU,2005,247602.02
Germany,DEU,2006,365592.47
Germany,DEU,2007,219533.78
Germany,DEU,2008,332846.4
Germany,DEU,2009,263693.6
Germany,DEU,2010,271038.3
Germany,DEU,2011,482191.56
Germany,DEU,2012,306883.5
Germany,DEU,2013,346831.88
Germany,DEU,2014,318635.16
Germany,DEU,2015,384780.72
Germany,DEU,2016,398923.38
Germany,DEU,2017,392942
Germany,DEU,2018,763238.2
Germany,DEU,2019,630167.2
Germany,DEU,2020,582804.8
Germany,DEU,2021,577176.25
Germany,DEU,2022,809731.25
Germany,DEU,2023,523131.03
Germany,DEU,2024,518617.7
Germany,DEU,2025,944969.3
Ghana,GHA,2003,76899016
Ghana,GHA,2004,58524904
Ghana,GHA,2005,73351464
Ghana,GHA,2006,64483036
Ghana,GHA,2007,57407508
Ghana,GHA,2008,64118988
Ghana,GHA,2009,63149896
Ghana,GHA,2010,59003316
Ghana,GHA,2011,75550850
Ghana,GHA,2012,48048852
Ghana,GHA,2013,58545770
Ghana,GHA,2014,50850788
Ghana,GHA,2015,58384864
Ghana,GHA,2016,51784664
Ghana,GHA,2017,50770440
Ghana,GHA,2018,44223108
Ghana,GHA,2019,44075100
Ghana,GHA,2020,51247000
Ghana,GHA,2021,32827488
Ghana,GHA,2022,45671130
Ghana,GHA,2023,30091392
Ghana,GHA,2024,38484800
Ghana,GHA,2025,25864836
Gibraltar,GIB,2003,3740.63
Gibraltar,GIB,2004,3871.4302
Gibraltar,GIB,2005,7533.01
Gibraltar,GIB,2006,0
Gibraltar,GIB,2007,0
Gibraltar,GIB,2008,1504.42
Gibraltar,GIB,2009,0
Gibraltar,GIB,2010,0
Gibraltar,GIB,2011,0
Gibraltar,GIB,2012,4522.57
Gibraltar,GIB,2013,50141.07
Gibraltar,GIB,2014,0
Gibraltar,GIB,2015,0
Gibraltar,GIB,2016,0
Gibraltar,GIB,2017,0
Gibraltar,GIB,2018,0
Gibraltar,GIB,2019,0
Gibraltar,GIB,2020,0
Gibraltar,GIB,2021,0
Gibraltar,GIB,2022,20545.08
Gibraltar,GIB,2023,8240.31
Gibraltar,GIB,2024,1640.65
Gibraltar,GIB,2025,0
Greece,GRC,2003,755824.1
Greece,GRC,2004,916884.5
Greece,GRC,2005,1402311.8
Greece,GRC,2006,1535150.1
Greece,GRC,2007,17351270
Greece,GRC,2008,1881523.1
Greece,GRC,2009,2668523.5
Greece,GRC,2010,983479.7
Greece,GRC,2011,1402978
Greece,GRC,2012,2993150.2
Greece,GRC,2013,1287404.1
Greece,GRC,2014,684517.7
Greece,GRC,2015,973015.25
Greece,GRC,2016,2752608.5
Greece,GRC,2017,3561133
Greece,GRC,2018,5887032
Greece,GRC,2019,3372372
Greece,GRC,2020,2387398.8
Greece,GRC,2021,11868343
Greece,GRC,2022,4374986.5
Greece,GRC,2023,8439804
Greece,GRC,2024,5179919.5
Greece,GRC,2025,2552021.8
Greenland,GRL,2003,116364.89
Greenland,GRL,2004,0
Greenland,GRL,2005,0
Greenland,GRL,2006,0
Greenland,GRL,2007,9935.25
Greenland,GRL,2008,20832.72
Greenland,GRL,2009,0
Greenland,GRL,2010,0
Greenland,GRL,2011,20717.44
Greenland,GRL,2012,23312.37
Greenland,GRL,2013,10263.03
Greenland,GRL,2014,33927.62
Greenland,GRL,2015,148377.69
Greenland,GRL,2016,38181.72
Greenland,GRL,2017,734629.3
Greenland,GRL,2018,155967.36
Greenland,GRL,2019,555892.1
Greenland,GRL,2020,173057.31
Greenland,GRL,2021,91065.27
Greenland,GRL,2022,58460.39
Greenland,GRL,2023,51496.42
Greenland,GRL,2024,117606.21
Greenland,GRL,2025,134255.53
Grenada,GRD,2003,2091.6401
Grenada,GRD,2004,0
Grenada,GRD,2005,0
Grenada,GRD,2006,0
Grenada,GRD,2007,5792.73
Grenada,GRD,2008,2323.8599
Grenada,GRD,2009,0
Grenada,GRD,2010,17179.82
Grenada,GRD,2011,1126.04
Grenada,GRD,2012,1042.85
Grenada,GRD,2013,0
Grenada,GRD,2014,1111.62
Grenada,GRD,2015,0
Grenada,GRD,2016,0
Grenada,GRD,2017,0
Grenada,GRD,2018,7019.24
Grenada,GRD,2019,360.78
Grenada,GRD,2020,0
Grenada,GRD,2021,0
Grenada,GRD,2022,0
Grenada,GRD,2023,0
Grenada,GRD,2024,845.72
Grenada,GRD,2025,0
Guadeloupe,GLP,2003,10286.24
Guadeloupe,GLP,2004,0
Guadeloupe,GLP,2005,0
Guadeloupe,GLP,2006,34217.87
Guadeloupe,GLP,2007,5262.44
Guadeloupe,GLP,2008,9482.86
Guadeloupe,GLP,2009,648.15
Guadeloupe,GLP,2010,17048.201
Guadeloupe,GLP,2011,0
Guadeloupe,GLP,2012,7702.11
Guadeloupe,GLP,2013,2028.23
Guadeloupe,GLP,2014,13319.93
Guadeloupe,GLP,2015,49584.79
Guadeloupe,GLP,2016,4722.87
Guadeloupe,GLP,2017,2498.32
Guadeloupe,GLP,2018,1736.58
Guadeloupe,GLP,2019,14039.08
Guadeloupe,GLP,2020,9893.01
Guadeloupe,GLP,2021,5290.5996
Guadeloupe,GLP,2022,851.74
Guadeloupe,GLP,2023,2864.32
Guadeloupe,GLP,2024,8448.8
Guadeloupe,GLP,2025,932.27
Guam,GUM,2003,25394.79
Guam,GUM,2004,7111.35
Guam,GUM,2005,5187.43
Guam,GUM,2006,109885.61
Guam,GUM,2007,227640.55
Guam,GUM,2008,116967.484
Guam,GUM,2009,53813.72
Guam,GUM,2010,57973.1
Guam,GUM,2011,0
Guam,GUM,2012,24617.84
Guam,GUM,2013,156553.44
Guam,GUM,2014,270380.1
Guam,GUM,2015,172274.9
Guam,GUM,2016,307681.16
Guam,GUM,2017,62455.258
Guam,GUM,2018,102843.12
Guam,GUM,2019,310968.6
Guam,GUM,2020,92616.32
Guam,GUM,2021,117069.68
Guam,GUM,2022,334162.53
Guam,GUM,2023,28297.44
Guam,GUM,2024,155317.42
Guam,GUM,2025,62397.74
Guatemala,GTM,2003,30132106
Guatemala,GTM,2004,8239405.5
Guatemala,GTM,2005,28870350
Guatemala,GTM,2006,11041860
Guatemala,GTM,2007,17158882
Guatemala,GTM,2008,13995490
Guatemala,GTM,2009,15964311
Guatemala,GTM,2010,11931686
Guatemala,GTM,2011,11868765
Guatemala,GTM,2012,8907289
Guatemala,GTM,2013,13831107
Guatemala,GTM,2014,8151776.5
Guatemala,GTM,2015,9004512
Guatemala,GTM,2016,11199777
Guatemala,GTM,2017,9727570
Guatemala,GTM,2018,5901833.5
Guatemala,GTM,2019,9473827
Guatemala,GTM,2020,9282227
Guatemala,GTM,2021,5991820
Guatemala,GTM,2022,5359772
Guatemala,GTM,2023,9196476
Guatemala,GTM,2024,12018545
Guatemala,GTM,2025,5399712.5
Guernsey,GGY,2003,0
Guernsey,GGY,2004,0
Guernsey,GGY,2005,0
Guernsey,GGY,2006,0
Guernsey,GGY,2007,0
Guernsey,GGY,2008,0
Guernsey,GGY,2009,0
Guernsey,GGY,2010,0
Guernsey,GGY,2011,0
Guernsey,GGY,2012,392.62
Guernsey,GGY,2013,0
Guernsey,GGY,2014,0
Guernsey,GGY,2015,0
Guernsey,GGY,2016,0
Guernsey,GGY,2017,0
Guernsey,GGY,2018,0
Guernsey,GGY,2019,204.24
Guernsey,GGY,2020,0
Guernsey,GGY,2021,0
Guernsey,GGY,2022,0
Guernsey,GGY,2023,0
Guernsey,GGY,2024,0
Guernsey,GGY,2025,0
Guinea,GIN,2003,115134190
Guinea,GIN,2004,124951550
Guinea,GIN,2005,111903090
Guinea,GIN,2006,118195080
Guinea,GIN,2007,134301230
Guinea,GIN,2008,126475860
Guinea,GIN,2009,144348300
Guinea,GIN,2010,99039230
Guinea,GIN,2011,117235190
Guinea,GIN,2012,133970890
Guinea,GIN,2013,118203900
Guinea,GIN,2014,118603470
Guinea,GIN,2015,112920570
Guinea,GIN,2016,168849600
Guinea,GIN,2017,97827050
Guinea,GIN,2018,83783240
Guinea,GIN,2019,96114410
Guinea,GIN,2020,83064630
Guinea,GIN,2021,76982730
Guinea,GIN,2022,72543380
Guinea,GIN,2023,71401660
Guinea,GIN,2024,72532360
Guinea,GIN,2025,43476970
Guinea-Bissau,GNB,2003,14654349
Guinea-Bissau,GNB,2004,11940228
Guinea-Bissau,GNB,2005,8772909
Guinea-Bissau,GNB,2006,9013042
Guinea-Bissau,GNB,2007,12093384
Guinea-Bissau,GNB,2008,10205438
Guinea-Bissau,GNB,2009,11159657
Guinea-Bissau,GNB,2010,7828879
Guinea-Bissau,GNB,2011,12089768
Guinea-Bissau,GNB,2012,11039316
Guinea-Bissau,GNB,2013,8042933
Guinea-Bissau,GNB,2014,9221279
Guinea-Bissau,GNB,2015,11377092
Guinea-Bissau,GNB,2016,11697600
Guinea-Bissau,GNB,2017,5593347.5
Guinea-Bissau,GNB,2018,6474999
Guinea-Bissau,GNB,2019,6957922.5
Guinea-Bissau,GNB,2020,8752942
Guinea-Bissau,GNB,2021,4842322.5
Guinea-Bissau,GNB,2022,5304560.5
Guinea-Bissau,GNB,2023,5726576
Guinea-Bissau,GNB,2024,8043479
Guinea-Bissau,GNB,2025,5414036
Guyana,GUY,2003,3801951.8
Guyana,GUY,2004,1685693.5
Guyana,GUY,2005,1566620.8
Guyana,GUY,2006,1280344.9
Guyana,GUY,2007,1280713.2
Guyana,GUY,2008,1126893.8
Guyana,GUY,2009,1918503
Guyana,GUY,2010,1992967.6
Guyana,GUY,2011,1161852.1
Guyana,GUY,2012,1803123.5
Guyana,GUY,2013,1430902
Guyana,GUY,2014,1659116.6
Guyana,GUY,2015,2839504.8
Guyana,GUY,2016,2750390.2
Guyana,GUY,2017,1055119.5
Guyana,GUY,2018,1293914.5
Guyana,GUY,2019,1999024.5
Guyana,GUY,2020,1416950.4
Guyana,GUY,2021,631626.9
Guyana,GUY,2022,649507.56
Guyana,GUY,2023,3327129.8
Guyana,GUY,2024,5638783
Guyana,GUY,2025,1454089
Haiti,HTI,2003,98039.02
Haiti,HTI,2004,167062.27
Haiti,HTI,2005,179133.72
Haiti,HTI,2006,270261.62
Haiti,HTI,2007,131794.61
Haiti,HTI,2008,244501.1
Haiti,HTI,2009,240991.25
Haiti,HTI,2010,126873.38
Haiti,HTI,2011,183585.94
Haiti,HTI,2012,237475.03
Haiti,HTI,2013,229627.27
Haiti,HTI,2014,175463.52
Haiti,HTI,2015,170917.52
Haiti,HTI,2016,98654.85
Haiti,HTI,2017,105305.38
Haiti,HTI,2018,149029.97
Haiti,HTI,2019,134535.3
Haiti,HTI,2020,166658.22
Haiti,HTI,2021,139200.44
Haiti,HTI,2022,87534.38
Haiti,HTI,2023,218378.8
Haiti,HTI,2024,142899.03
Haiti,HTI,2025,160164.81
Heard Island and McDonald Islands,HMD,2003,0
Heard Island and McDonald Islands,HMD,2004,0
Heard Island and McDonald Islands,HMD,2005,0
Heard Island and McDonald Islands,HMD,2006,0
Heard Island and McDonald Islands,HMD,2007,0
Heard Island and McDonald Islands,HMD,2008,0
Heard Island and McDonald Islands,HMD,2009,0
Heard Island and McDonald Islands,HMD,2010,0
Heard Island and McDonald Islands,HMD,2011,0
Heard Island and McDonald Islands,HMD,2012,0
Heard Island and McDonald Islands,HMD,2013,0
Heard Island and McDonald Islands,HMD,2014,0
Heard Island and McDonald Islands,HMD,2015,0
Heard Island and McDonald Islands,HMD,2016,0
Heard Island and McDonald Islands,HMD,2017,0
Heard Island and McDonald Islands,HMD,2018,0
Heard Island and McDonald Islands,HMD,2019,0
Heard Island and McDonald Islands,HMD,2020,0
Heard Island and McDonald Islands,HMD,2021,0
Heard Island and McDonald Islands,HMD,2022,0
Heard Island and McDonald Islands,HMD,2023,0
Heard Island and McDonald Islands,HMD,2024,0
Heard Island and McDonald Islands,HMD,2025,0
Honduras,HND,2003,13171551
Honduras,HND,2004,3460873.2
Honduras,HND,2005,14533894
Honduras,HND,2006,7100359.5
Honduras,HND,2007,5985175.5
Honduras,HND,2008,6718786.5
Honduras,HND,2009,7431160.5
Honduras,HND,2010,4091913.8
Honduras,HND,2011,12828102
Honduras,HND,2012,3692214
Honduras,HND,2013,8576409
Honduras,HND,2014,9926872
Honduras,HND,2015,6242728
Honduras,HND,2016,10921995
Honduras,HND,2017,5267916
Honduras,HND,2018,7807252
Honduras,HND,2019,10542656
Honduras,HND,2020,17140514
Honduras,HND,2021,3851284.8
Honduras,HND,2022,3362823.8
Honduras,HND,2023,12677286
Honduras,HND,2024,8996369
Honduras,HND,2025,2459646
Hong Kong,HKG,2003,233510.31
Hong Kong,HKG,2004,185531.77
Hong Kong,HKG,2005,117789.71
Hong Kong,HKG,2006,128192.31
Hong Kong,HKG,2007,175065.23
Hong Kong,HKG,2008,138817.7
Hong Kong,HKG,2009,25818.52
Hong Kong,HKG,2010,102597.68
Hong Kong,HKG,2011,107288.9
Hong Kong,HKG,2012,105100.61
Hong Kong,HKG,2013,128707.76
Hong Kong,HKG,2014,157846.4
Hong Kong,HKG,2015,160027.23
Hong Kong,HKG,2016,158512.8
Hong Kong,HKG,2017,34836.98
Hong Kong,HKG,2018,43274.36
Hong Kong,HKG,2019,38048.52
Hong Kong,HKG,2020,28334.66
Hong Kong,HKG,2021,456840.7
Hong Kong,HKG,2022,312217.06
Hong Kong,HKG,2023,35918.82
Hong Kong,HKG,2024,38787.28
Hong Kong,HKG,2025,17712.78
Hungary,HUN,2003,305905.97
Hungary,HUN,2004,260073.31
Hungary,HUN,2005,240582.48
Hungary,HUN,2006,153972.77
Hungary,HUN,2007,275664.97
Hungary,HUN,2008,277904.94
Hungary,HUN,2009,188156.22
Hungary,HUN,2010,74675.38
Hungary,HUN,2011,187974.97
Hungary,HUN,2012,335319.22
Hungary,HUN,2013,51527.65
Hungary,HUN,2014,82993.13
Hungary,HUN,2015,58599.21
Hungary,HUN,2016,25646.91
Hungary,HUN,2017,61476.13
Hungary,HUN,2018,47695.23
Hungary,HUN,2019,105063.6
Hungary,HUN,2020,45184.31
Hungary,HUN,2021,46442.3
Hungary,HUN,2022,160500.3
Hungary,HUN,2023,36228.98
Hungary,HUN,2024,78228.55
Hungary,HUN,2025,47135.14
Iceland,ISL,2003,0
Iceland,ISL,2004,46919.8
Iceland,ISL,2005,0
Iceland,ISL,2006,0
Iceland,ISL,2007,0
Iceland,ISL,2008,0
Iceland,ISL,2009,0
Iceland,ISL,2010,0
Iceland,ISL,2011,0
Iceland,ISL,2012,0
Iceland,ISL,2013,0
Iceland,ISL,2014,0
Iceland,ISL,2015,0
Iceland,ISL,2016,0
Iceland,ISL,2017,0
Iceland,ISL,2018,0
Iceland,ISL,2019,0
Iceland,ISL,2020,0
Iceland,ISL,2021,0
Iceland,ISL,2022,0
Iceland,ISL,2023,0
Iceland,ISL,2024,0
Iceland,ISL,2025,0
India,IND,2003,79619300
India,IND,2004,83115340
India,IND,2005,80994260
India,IND,2006,83202216
India,IND,2007,72944420
India,IND,2008,63249172
India,IND,2009,88624190
India,IND,2010,72259540
India,IND,2011,60604588
India,IND,2012,73798616
India,IND,2013,57648076
India,IND,2014,64428360
India,IND,2015,63010204
India,IND,2016,96181784
India,IND,2017,51851268
India,IND,2018,56284668
India,IND,2019,52370636
India,IND,2020,45254812
India,IND,2021,76489144
India,IND,2022,51659350
India,IND,2023,45964492
India,IND,2024,44208436
India,IND,2025,49985980
Indonesia,IDN,2003,224461940
Indonesia,IDN,2004,355978880
Indonesia,IDN,2005,249764930
Indonesia,IDN,2006,609115970
Indonesia,IDN,2007,115257540
Indonesia,IDN,2008,114658020
Indonesia,IDN,2009,350407900
Indonesia,IDN,2010,57819216
Indonesia,IDN,2011,228857650
Indonesia,IDN,2012,239443070
Indonesia,IDN,2013,150387500
Indonesia,IDN,2014,470636000
Indonesia,IDN,2015,937664200
Indonesia,IDN,2016,72138210
Indonesia,IDN,2017,68897336
Indonesia,IDN,2018,152549820
Indonesia,IDN,2019,542522400
Indonesia,IDN,2020,56573596
Indonesia,IDN,2021,53146580
Indonesia,IDN,2022,38533764
Indonesia,IDN,2023,209037620
Indonesia,IDN,2024,73307970
Indonesia,IDN,2025,38288880
Iran,IRN,2003,5905213.5
Iran,IRN,2004,5398385
Iran,IRN,2005,5884264.5
Iran,IRN,2006,6706276
Iran,IRN,2007,7953117.5
Iran,IRN,2008,6296594.5
Iran,IRN,2009,9428040
Iran,IRN,2010,8197521.5
Iran,IRN,2011,5470925.5
Iran,IRN,2012,4259271
Iran,IRN,2013,5383236
Iran,IRN,2014,5941087
Iran,IRN,2015,4893160
Iran,IRN,2016,8697670
Iran,IRN,2017,12872661
Iran,IRN,2018,11405046
Iran,IRN,2019,11879184
Iran,IRN,2020,12555100
Iran,IRN,2021,12140750
Iran,IRN,2022,10966356
Iran,IRN,2023,14090632
Iran,IRN,2024,17925346
Iran,IRN,2025,20186578
Iraq,IRQ,2003,2148837.8
Iraq,IRQ,2004,2209268
Iraq,IRQ,2005,1171960.8
Iraq,IRQ,2006,1695367.1
Iraq,IRQ,2007,1632049
Iraq,IRQ,2008,4416713
Iraq,IRQ,2009,6431055.5
Iraq,IRQ,2010,4579635.5
Iraq,IRQ,2011,4820894
Iraq,IRQ,2012,6986224
Iraq,IRQ,2013,7707273.5
Iraq,IRQ,2014,13835940
Iraq,IRQ,2015,22305454
Iraq,IRQ,2016,22074266
Iraq,IRQ,2017,20386562
Iraq,IRQ,2018,16982322
Iraq,IRQ,2019,24130544
Iraq,IRQ,2020,15146286
Iraq,IRQ,2021,13231070
Iraq,IRQ,2022,15213863
Iraq,IRQ,2023,14261169
Iraq,IRQ,2024,16399578
Iraq,IRQ,2025,20748190
Ireland,IRL,2003,199476.06
Ireland,IRL,2004,28357.29
Ireland,IRL,2005,15680.64
Ireland,IRL,2006,169692.3
Ireland,IRL,2007,144346.23
Ireland,IRL,2008,104025.164
Ireland,IRL,2009,22723.54
Ireland,IRL,2010,206965.5
Ireland,IRL,2011,378860.3
Ireland,IRL,2012,22779.44
Ireland,IRL,2013,130924.234
Ireland,IRL,2014,28628.22
Ireland,IRL,2015,226912.47
Ireland,IRL,2016,31680.45
Ireland,IRL,2017,118611.34
Ireland,IRL,2018,134823.31
Ireland,IRL,2019,92380.19
Ireland,IRL,2020,46179.31
Ireland,IRL,2021,22700.99
Ireland,IRL,2022,60940.17
Ireland,IRL,2023,17242.73
Ireland,IRL,2024,11854.39
Ireland,IRL,2025,54778.46
Isle of Man,IMN,2003,734.02
Isle of Man,IMN,2004,0
Isle of Man,IMN,2005,0
Isle of Man,IMN,2006,0
Isle of Man,IMN,2007,838.01
Isle of Man,IMN,2008,0
Isle of Man,IMN,2009,0
Isle of Man,IMN,2010,0
Isle of Man,IMN,2011,0
Isle of Man,IMN,2012,0
Isle of Man,IMN,2013,0
Isle of Man,IMN,2014,0
Isle of Man,IMN,2015,0
Isle of Man,IMN,2016,0
Isle of Man,IMN,2017,0
Isle of Man,IMN,2018,265.54
Isle of Man,IMN,2019,0
Isle of Man,IMN,2020,0
Isle of Man,IMN,2021,0
Isle of Man,IMN,2022,0
Isle of Man,IMN,2023,147.92
Isle of Man,IMN,2024,0
Isle of Man,IMN,2025,0
Israel,ISR,2003,146417.84
Israel,ISR,2004,103370.46
Israel,ISR,2005,117529.74
Israel,ISR,2006,238671.16
Israel,ISR,2007,117330.75
Israel,ISR,2008,94972.08
Israel,ISR,2009,96707.04
Israel,ISR,2010,479624.75
Israel,ISR,2011,99445.46
Israel,ISR,2012,92005.56
Israel,ISR,2013,209515
Israel,ISR,2014,77949.07
Israel,ISR,2015,106262.92
Israel,ISR,2016,192286.1
Israel,ISR,2017,75237.6
Israel,ISR,2018,105998.77
Israel,ISR,2019,183034.08
Israel,ISR,2020,109154.93
Israel,ISR,2021,136318.52
Israel,ISR,2022,102505.24
Israel,ISR,2023,145137.83
Israel,ISR,2024,290908.25
Israel,ISR,2025,125429.96
Italy,ITA,2003,3511427
Italy,ITA,2004,2210492.5
Italy,ITA,2005,1515305.5
Italy,ITA,2006,1735070
Italy,ITA,2007,5242388
Italy,ITA,2008,2367005
Italy,ITA,2009,1926008.1
Italy,ITA,2010,1510578.9
Italy,ITA,2011,2576777.5
Italy,ITA,2012,3685536
Italy,ITA,2013,1643417
Italy,ITA,2014,1971854.6
Italy,ITA,2015,1393370.8
Italy,ITA,2016,1809600
Italy,ITA,2017,4912926.5
Italy,ITA,2018,1430685.5
Italy,ITA,2019,2684370.8
Italy,ITA,2020,1862968.4
Italy,ITA,2021,4070103.2
Italy,ITA,2022,2190884.8
Italy,ITA,2023,2664856.8
Italy,ITA,2024,2376350.5
Italy,ITA,2025,3006651
Jamaica,JAM,2003,117591.75
Jamaica,JAM,2004,194401.48
Jamaica,JAM,2005,411048.56
Jamaica,JAM,2006,205805.66
Jamaica,JAM,2007,159420.62
Jamaica,JAM,2008,253351.02
Jamaica,JAM,2009,432888.88
Jamaica,JAM,2010,262556.1
Jamaica,JAM,2011,214651.4
Jamaica,JAM,2012,212815.8
Jamaica,JAM,2013,222003.16
Jamaica,JAM,2014,233555.28
Jamaica,JAM,2015,316956.3
Jamaica,JAM,2016,133229.6
Jamaica,JAM,2017,217988
Jamaica,JAM,2018,183030.11
Jamaica,JAM,2019,205091.81
Jamaica,JAM,2020,188055.05
Jamaica,JAM,2021,147323.56
Jamaica,JAM,2022,105640.88
Jamaica,JAM,2023,198864.14
Jamaica,JAM,2024,140349.17
Jamaica,JAM,2025,103379.65
Japan,JPN,2003,3573351.5
Japan,JPN,2004,3950239.8
Japan,JPN,2005,2997039
Japan,JPN,2006,4088740.8
Japan,JPN,2007,3655692
Japan,JPN,2008,3627118.2
Japan,JPN,2009,3423814.8
Japan,JPN,2010,5136124.5
Japan,JPN,2011,4289842
Japan,JPN,2012,3861856.5
Japan,JPN,2013,5260228.5
Japan,JPN,2014,4616184.5
Japan,JPN,2015,4040019
Japan,JPN,2016,4667337
Japan,JPN,2017,5828657
Japan,JPN,2018,6216435.5
Japan,JPN,2019,6574348
Japan,JPN,2020,4914145.5
Japan,JPN,2021,5325579.5
Japan,JPN,2022,4968667.5
Japan,JPN,2023,4966472
Japan,JPN,2024,5243137.5
Japan,JPN,2025,4567204
Jersey,JEY,2003,0
Jersey,JEY,2004,0
Jersey,JEY,2005,0
Jersey,JEY,2006,0
Jersey,JEY,2007,0
Jersey,JEY,2008,0
Jersey,JEY,2009,0
Jersey,JEY,2010,0
Jersey,JEY,2011,0
Jersey,JEY,2012,0
Jersey,JEY,2013,0
Jersey,JEY,2014,0
Jersey,JEY,2015,0
Jersey,JEY,2016,0
Jersey,JEY,2017,0
Jersey,JEY,2018,0
Jersey,JEY,2019,496.24
Jersey,JEY,2020,0
Jersey,JEY,2021,0
Jersey,JEY,2022,0
Jersey,JEY,2023,0
Jersey,JEY,2024,0
Jersey,JEY,2025,0
Jordan,JOR,2003,7079.39
Jordan,JOR,2004,6144.92
Jordan,JOR,2005,5247.1
Jordan,JOR,2006,9862.0205
Jordan,JOR,2007,3045.3398
Jordan,JOR,2008,8355.101
Jordan,JOR,2009,9636.41
Jordan,JOR,2010,9042.641
Jordan,JOR,2011,16555.07
Jordan,JOR,2012,5416.2803
Jordan,JOR,2013,5713.8
Jordan,JOR,2014,6105.18
Jordan,JOR,2015,29980.36
Jordan,JOR,2016,22324.33
Jordan,JOR,2017,14906.4795
Jordan,JOR,2018,11104.21
Jordan,JOR,2019,17298.7
Jordan,JOR,2020,26584.498
Jordan,JOR,2021,11687.72
Jordan,JOR,2022,12753.71
Jordan,JOR,2023,30777.959
Jordan,JOR,2024,35490.31
Jordan,JOR,2025,37357.55
Kazakhstan,KAZ,2003,87189390
Kazakhstan,KAZ,2004,113926570
Kazakhstan,KAZ,2005,89240200
Kazakhstan,KAZ,2006,98721850
Kazakhstan,KAZ,2007,56665380
Kazakhstan,KAZ,2008,70044210
Kazakhstan,KAZ,2009,42975220
Kazakhstan,KAZ,2010,56257730
Kazakhstan,KAZ,2011,27810832
Kazakhstan,KAZ,2012,45130356
Kazakhstan,KAZ,2013,21834334
Kazakhstan,KAZ,2014,43858812
Kazakhstan,KAZ,2015,56852410
Kazakhstan,KAZ,2016,22295952
Kazakhstan,KAZ,2017,86671810
Kazakhstan,KAZ,2018,32927544
Kazakhstan,KAZ,2019,56935492
Kazakhstan,KAZ,2020,35872412
Kazakhstan,KAZ,2021,36352452
Kazakhstan,KAZ,2022,25835246
Kazakhstan,KAZ,2023,17100182
Kazakhstan,KAZ,2024,10834623
Kazakhstan,KAZ,2025,12971272
Kenya,KEN,2003,8020690.5
Kenya,KEN,2004,5999676.5
Kenya,KEN,2005,7375106
Kenya,KEN,2006,3674487
Kenya,KEN,2007,7608928
Kenya,KEN,2008,6450553.5
Kenya,KEN,2009,5445705
Kenya,KEN,2010,3186229.8
Kenya,KEN,2011,5136903.5
Kenya,KEN,2012,10091723
Kenya,KEN,2013,4632830.5
Kenya,KEN,2014,4465132.5
Kenya,KEN,2015,6504042
Kenya,KEN,2016,4641231
Kenya,KEN,2017,2876040.5
Kenya,KEN,2018,2224265.5
Kenya,KEN,2019,4994484
Kenya,KEN,2020,4429966
Kenya,KEN,2021,5307386
Kenya,KEN,2022,2482488.5
Kenya,KEN,2023,3465170.8
Kenya,KEN,2024,3451091.2
Kenya,KEN,2025,5646163
Kiribati,KIR,2003,0
Kiribati,KIR,2004,0
Kiribati,KIR,2005,0
Kiribati,KIR,2006,0
Kiribati,KIR,2007,0
Kiribati,KIR,2008,0
Kiribati,KIR,2009,0
Kiribati,KIR,2010,0
Kiribati,KIR,2011,0
Kiribati,KIR,2012,0
Kiribati,KIR,2013,0
Kiribati,KIR,2014,0
Kiribati,KIR,2015,0
Kiribati,KIR,2016,0
Kiribati,KIR,2017,0
Kiribati,KIR,2018,0
Kiribati,KIR,2019,0
Kiribati,KIR,2020,374565.4
Kiribati,KIR,2021,0
Kiribati,KIR,2022,0
Kiribati,KIR,2023,0
Kiribati,KIR,2024,0
Kiribati,KIR,2025,9685.53
Kosovo,OWID_KOS,2003,26776.2
Kosovo,OWID_KOS,2004,22950.38
Kosovo,OWID_KOS,2005,20555.08
Kosovo,OWID_KOS,2006,4962.54
Kosovo,OWID_KOS,2007,455365.78
Kosovo,OWID_KOS,2008,21843.791
Kosovo,OWID_KOS,2009,24245.79
Kosovo,OWID_KOS,2010,20957.67
Kosovo,OWID_KOS,2011,232792.5
Kosovo,OWID_KOS,2012,333222.5
Kosovo,OWID_KOS,2013,27989.66
Kosovo,OWID_KOS,2014,25729.03
Kosovo,OWID_KOS,2015,38316.35
Kosovo,OWID_KOS,2016,12902.859
Kosovo,OWID_KOS,2017,56480.21
Kosovo,OWID_KOS,2018,28698.27
Kosovo,OWID_KOS,2019,128171.414
Kosovo,OWID_KOS,2020,74311.47
Kosovo,OWID_KOS,2021,50716.39
Kosovo,OWID_KOS,2022,25151.31
Kosovo,OWID_KOS,2023,30318.19
Kosovo,OWID_KOS,2024,85747.96
Kosovo,OWID_KOS,2025,125881.84
Kuwait,KWT,2003,1122271.6
Kuwait,KWT,2004,1060385.8
Kuwait,KWT,2005,871080.5
Kuwait,KWT,2006,1110123.4
Kuwait,KWT,2007,844603.56
Kuwait,KWT,2008,910724.1
Kuwait,KWT,2009,264477.88
Kuwait,KWT,2010,135593.81
Kuwait,KWT,2011,235131.6
Kuwait,KWT,2012,351043
Kuwait,KWT,2013,343551.97
Kuwait,KWT,2014,658964.6
Kuwait,KWT,2015,201641.39
Kuwait,KWT,2016,452281.28
Kuwait,KWT,2017,394454.88
Kuwait,KWT,2018,234242.6
Kuwait,KWT,2019,340266.16
Kuwait,KWT,2020,161173.8
Kuwait,KWT,2021,112981.31
Kuwait,KWT,2022,128529.92
Kuwait,KWT,2023,549109.25
Kuwait,KWT,2024,339249.12
Kuwait,KWT,2025,391969.06
Kyrgyzstan,KGZ,2003,868828.7
Kyrgyzstan,KGZ,2004,804666.06
Kyrgyzstan,KGZ,2005,743855.9
Kyrgyzstan,KGZ,2006,981755.06
Kyrgyzstan,KGZ,2007,1161909.2
Kyrgyzstan,KGZ,2008,572174.6
Kyrgyzstan,KGZ,2009,318659.6
Kyrgyzstan,KGZ,2010,230990.86
Kyrgyzstan,KGZ,2011,486003.8
Kyrgyzstan,KGZ,2012,204311.36
Kyrgyzstan,KGZ,2013,182293.55
Kyrgyzstan,KGZ,2014,177520.86
Kyrgyzstan,KGZ,2015,138876.88
Kyrgyzstan,KGZ,2016,182975.42
Kyrgyzstan,KGZ,2017,150575.69
Kyrgyzstan,KGZ,2018,252572.81
Kyrgyzstan,KGZ,2019,148540.03
Kyrgyzstan,KGZ,2020,145674.28
Kyrgyzstan,KGZ,2021,131848.5
Kyrgyzstan,KGZ,2022,100782.75
Kyrgyzstan,KGZ,2023,82147.484
Kyrgyzstan,KGZ,2024,64513
Kyrgyzstan,KGZ,2025,175262.84
Laos,LAO,2003,70101704
Laos,LAO,2004,124739910
Laos,LAO,2005,92598610
Laos,LAO,2006,91673520
Laos,LAO,2007,125971030
Laos,LAO,2008,75153496
Laos,LAO,2009,77628390
Laos,LAO,2010,130394550
Laos,LAO,2011,62557660
Laos,LAO,2012,98822310
Laos,LAO,2013,88519810
Laos,LAO,2014,104279480
Laos,LAO,2015,96576664
Laos,LAO,2016,166045730
Laos,LAO,2017,69153610
Laos,LAO,2018,57234404
Laos,LAO,2019,99578056
Laos,LAO,2020,94348450
Laos,LAO,2021,83830460
Laos,LAO,2022,35210636
Laos,LAO,2023,121971520
Laos,LAO,2024,77701070
Laos,LAO,2025,41934476
Latvia,LVA,2003,233699.73
Latvia,LVA,2004,134598.44
Latvia,LVA,2005,21843.11
Latvia,LVA,2006,202427.05
Latvia,LVA,2007,14031.01
Latvia,LVA,2008,6197.46
Latvia,LVA,2009,35297.4
Latvia,LVA,2010,10156.851
Latvia,LVA,2011,24006.18
Latvia,LVA,2012,7501.57
Latvia,LVA,2013,17056.14
Latvia,LVA,2014,27165.63
Latvia,LVA,2015,18151.89
Latvia,LVA,2016,14659.02
Latvia,LVA,2017,11939.91
Latvia,LVA,2018,93551.02
Latvia,LVA,2019,29499.55
Latvia,LVA,2020,17539.84
Latvia,LVA,2021,42474.01
Latvia,LVA,2022,21259.73
Latvia,LVA,2023,16864.041
Latvia,LVA,2024,6353.73
Latvia,LVA,2025,28250.13
Lebanon,LBN,2003,41593.69
Lebanon,LBN,2004,111246.875
Lebanon,LBN,2005,40481.13
Lebanon,LBN,2006,203380.34
Lebanon,LBN,2007,279478.5
Lebanon,LBN,2008,43691.01
Lebanon,LBN,2009,72137.21
Lebanon,LBN,2010,172065.08
Lebanon,LBN,2011,32960.47
Lebanon,LBN,2012,66532.44
Lebanon,LBN,2013,151819.14
Lebanon,LBN,2014,30207.031
Lebanon,LBN,2015,73577.18
Lebanon,LBN,2016,136812.16
Lebanon,LBN,2017,41772.75
Lebanon,LBN,2018,22019.57
Lebanon,LBN,2019,48981.07
Lebanon,LBN,2020,114737.125
Lebanon,LBN,2021,141526.52
Lebanon,LBN,2022,16806.17
Lebanon,LBN,2023,51496.9
Lebanon,LBN,2024,173074.56
Lebanon,LBN,2025,93889.35
Lesotho,LSO,2003,1092158.1
Lesotho,LSO,2004,332197.47
Lesotho,LSO,2005,442432.25
Lesotho,LSO,2006,144136.02
Lesotho,LSO,2007,1228271.2
Lesotho,LSO,2008,250217.52
Lesotho,LSO,2009,226564.11
Lesotho,LSO,2010,950410.9
Lesotho,LSO,2011,226613.86
Lesotho,LSO,2012,95399.12
Lesotho,LSO,2013,818254.3
Lesotho,LSO,2014,748099.06
Lesotho,LSO,2015,306276.6
Lesotho,LSO,2016,148539.84
Lesotho,LSO,2017,264757.44
Lesotho,LSO,2018,202889.53
Lesotho,LSO,2019,751306.3
Lesotho,LSO,2020,196775.58
Lesotho,LSO,2021,325449.9
Lesotho,LSO,2022,314577.34
Lesotho,LSO,2023,660757.8
Lesotho,LSO,2024,989561.25
Lesotho,LSO,2025,134872.7
Liberia,LBR,2003,8415390
Liberia,LBR,2004,4771483
Liberia,LBR,2005,3151025
Liberia,LBR,2006,7345153
Liberia,LBR,2007,12338451
Liberia,LBR,2008,9541879
Liberia,LBR,2009,34350220
Liberia,LBR,2010,7078444.5
Liberia,LBR,2011,8484973
Liberia,LBR,2012,16722524
Liberia,LBR,2013,8574818
Liberia,LBR,2014,14677812
Liberia,LBR,2015,24281616
Liberia,LBR,2016,18115516
Liberia,LBR,2017,13288333
Liberia,LBR,2018,8931414
Liberia,LBR,2019,21848564
Liberia,LBR,2020,12973376
Liberia,LBR,2021,7645086
Liberia,LBR,2022,10746147
Liberia,LBR,2023,17855504
Liberia,LBR,2024,16716245
Liberia,LBR,2025,13034227
Libya,LBY,2003,2107856.5
Libya,LBY,2004,2825115
Libya,LBY,2005,1572169.5
Libya,LBY,2006,2986997
Libya,LBY,2007,2567923
Libya,LBY,2008,2762374.8
Libya,LBY,2009,2104184.2
Libya,LBY,2010,2653305
Libya,LBY,2011,2724655
Libya,LBY,2012,2778316.2
Libya,LBY,2013,2037558.1
Libya,LBY,2014,2374703.2
Libya,LBY,2015,2010629.1
Libya,LBY,2016,1935110.5
Libya,LBY,2017,1841001.2
Libya,LBY,2018,2466962.2
Libya,LBY,2019,2401275
Libya,LBY,2020,1742867.4
Libya,LBY,2021,2516995.2
Libya,LBY,2022,2877253.2
Libya,LBY,2023,4002232
Libya,LBY,2024,2766471.5
Libya,LBY,2025,3594628.2
Liechtenstein,LIE,2003,0
Liechtenstein,LIE,2004,0
Liechtenstein,LIE,2005,0
Liechtenstein,LIE,2006,0
Liechtenstein,LIE,2007,0
Liechtenstein,LIE,2008,0
Liechtenstein,LIE,2009,0
Liechtenstein,LIE,2010,0
Liechtenstein,LIE,2011,0
Liechtenstein,LIE,2012,0
Liechtenstein,LIE,2013,0
Liechtenstein,LIE,2014,0
Liechtenstein,LIE,2015,0
Liechtenstein,LIE,2016,0
Liechtenstein,LIE,2017,0
Liechtenstein,LIE,2018,0
Liechtenstein,LIE,2019,0
Liechtenstein,LIE,2020,0
Liechtenstein,LIE,2021,0
Liechtenstein,LIE,2022,0
Liechtenstein,LIE,2023,0
Liechtenstein,LIE,2024,0
Liechtenstein,LIE,2025,0
Lithuania,LTU,2003,123225.11
Lithuania,LTU,2004,56771.34
Lithuania,LTU,2005,33802.85
Lithuania,LTU,2006,100482.61
Lithuania,LTU,2007,11155.96
Lithuania,LTU,2008,20657.281
Lithuania,LTU,2009,68814.21
Lithuania,LTU,2010,12938.689
Lithuania,LTU,2011,14676.96
Lithuania,LTU,2012,20218.69
Lithuania,LTU,2013,19003.27
Lithuania,LTU,2014,13065.38
Lithuania,LTU,2015,56047.08
Lithuania,LTU,2016,9397.859
Lithuania,LTU,2017,10213.86
Lithuania,LTU,2018,11164.16
Lithuania,LTU,2019,33493.2
Lithuania,LTU,2020,7824.63
Lithuania,LTU,2021,38783.418
Lithuania,LTU,2022,33795.01
Lithuania,LTU,2023,18437.07
Lithuania,LTU,2024,8861
Lithuania,LTU,2025,18174.06
Luxembourg,LUX,2003,2858.13
Luxembourg,LUX,2004,1523.55
Luxembourg,LUX,2005,3403.37
Luxembourg,LUX,2006,1715.41
Luxembourg,LUX,2007,2306.52
Luxembourg,LUX,2008,2067.56
Luxembourg,LUX,2009,928.21
Luxembourg,LUX,2010,2891.6602
Luxembourg,LUX,2011,1684.14
Luxembourg,LUX,2012,2206.3198
Luxembourg,LUX,2013,1958.0901
Luxembourg,LUX,2014,2382.9
Luxembourg,LUX,2015,7191.19
Luxembourg,LUX,2016,2180.82
Luxembourg,LUX,2017,9140.3
Luxembourg,LUX,2018,7682.82
Luxembourg,LUX,2019,9706.99
Luxembourg,LUX,2020,4943.41
Luxembourg,LUX,2021,5369.3
Luxembourg,LUX,2022,5426.96
Luxembourg,LUX,2023,6540.63
Luxembourg,LUX,2024,3204.42
Luxembourg,LUX,2025,3082.6301
Macao,MAC,2003,0
Macao,MAC,2004,0
Macao,MAC,2005,0
Macao,MAC,2006,0
Macao,MAC,2007,739.16
Macao,MAC,2008,0
Macao,MAC,2009,0
Macao,MAC,2010,0
Macao,MAC,2011,0
Macao,MAC,2012,0
Macao,MAC,2013,0
Macao,MAC,2014,0
Macao,MAC,2015,0
Macao,MAC,2016,0
Macao,MAC,2017,0
Macao,MAC,2018,1582.68
Macao,MAC,2019,0
Macao,MAC,2020,0
Macao,MAC,2021,0
Macao,MAC,2022,0
Macao,MAC,2023,0
Macao,MAC,2024,0
Macao,MAC,2025,0
Madagascar,MDG,2003,75087260
Madagascar,MDG,2004,51287110
Madagascar,MDG,2005,86590216
Madagascar,MDG,2006,74205896
Madagascar,MDG,2007,77912480
Madagascar,MDG,2008,65037924
Madagascar,MDG,2009,84220840
Madagascar,MDG,2010,81594664
Madagascar,MDG,2011,83261700
Madagascar,MDG,2012,74564510
Madagascar,MDG,2013,93546630
Madagascar,MDG,2014,76250980
Madagascar,MDG,2015,71823460
Madagascar,MDG,2016,97936110
Madagascar,MDG,2017,64206140
Madagascar,MDG,2018,65202732
Madagascar,MDG,2019,56000570
Madagascar,MDG,2020,56310984
Madagascar,MDG,2021,57596476
Madagascar,MDG,2022,58969344
Madagascar,MDG,2023,56758270
Madagascar,MDG,2024,61864590
Madagascar,MDG,2025,46749812
Malawi,MWI,2003,12853993
Malawi,MWI,2004,9969053
Malawi,MWI,2005,16642920
Malawi,MWI,2006,10157540
Malawi,MWI,2007,12320514
Malawi,MWI,2008,14777970
Malawi,MWI,2009,10633788
Malawi,MWI,2010,14260009
Malawi,MWI,2011,13908532
Malawi,MWI,2012,16726616
Malawi,MWI,2013,13286680
Malawi,MWI,2014,12029083
Malawi,MWI,2015,14122966
Malawi,MWI,2016,13215338
Malawi,MWI,2017,7905231.5
Malawi,MWI,2018,8201414
Malawi,MWI,2019,7580509.5
Malawi,MWI,2020,6565842.5
Malawi,MWI,2021,7059085
Malawi,MWI,2022,7682292.5
Malawi,MWI,2023,6879333.5
Malawi,MWI,2024,5928446.5
Malawi,MWI,2025,4884302.5
Malaysia,MYS,2003,10440401
Malaysia,MYS,2004,12863793
Malaysia,MYS,2005,16830444
Malaysia,MYS,2006,9581284
Malaysia,MYS,2007,10479055
Malaysia,MYS,2008,10198773
Malaysia,MYS,2009,23812406
Malaysia,MYS,2010,11596513
Malaysia,MYS,2011,10972732
Malaysia,MYS,2012,14724981
Malaysia,MYS,2013,11307612
Malaysia,MYS,2014,15774494
Malaysia,MYS,2015,11560083
Malaysia,MYS,2016,12985922
Malaysia,MYS,2017,4605938.5
Malaysia,MYS,2018,5476713.5
Malaysia,MYS,2019,10217810
Malaysia,MYS,2020,3876198.2
Malaysia,MYS,2021,4382507.5
Malaysia,MYS,2022,1923516.1
Malaysia,MYS,2023,4966503
Malaysia,MYS,2024,8365400
Malaysia,MYS,2025,2482076
Maldives,MDV,2003,0
Maldives,MDV,2004,0
Maldives,MDV,2005,0
Maldives,MDV,2006,0
Maldives,MDV,2007,0
Maldives,MDV,2008,0
Maldives,MDV,2009,0
Maldives,MDV,2010,0
Maldives,MDV,2011,0
Maldives,MDV,2012,0
Maldives,MDV,2013,0
Maldives,MDV,2014,0
Maldives,MDV,2015,0
Maldives,MDV,2016,0
Maldives,MDV,2017,0
Maldives,MDV,2018,0
Maldives,MDV,2019,0
Maldives,MDV,2020,0
Maldives,MDV,2021,0
Maldives,MDV,2022,0
Maldives,MDV,2023,0
Maldives,MDV,2024,0
Maldives,MDV,2025,0
Mali,MLI,2003,38474020
Mali,MLI,2004,47555176
Mali,MLI,2005,45814996
Mali,MLI,2006,43822176
Mali,MLI,2007,36827940
Mali,MLI,2008,43116124
Mali,MLI,2009,34207684
Mali,MLI,2010,39110852
Mali,MLI,2011,36523760
Mali,MLI,2012,30173564
Mali,MLI,2013,36789824
Mali,MLI,2014,31387878
Mali,MLI,2015,27740492
Mali,MLI,2016,37089350
Mali,MLI,2017,27887958
Mali,MLI,2018,21890428
Mali,MLI,2019,24445756
Mali,MLI,2020,24169328
Mali,MLI,2021,29679918
Mali,MLI,2022,28798924
Mali,MLI,2023,30151732
Mali,MLI,2024,30494974
Mali,MLI,2025,29220698
Malta,MLT,2003,0
Malta,MLT,2004,644.31
Malta,MLT,2005,0
Malta,MLT,2006,688.15
Malta,MLT,2007,0
Malta,MLT,2008,0
Malta,MLT,2009,0
Malta,MLT,2010,0
Malta,MLT,2011,795.89
Malta,MLT,2012,0
Malta,MLT,2013,0
Malta,MLT,2014,0
Malta,MLT,2015,0
Malta,MLT,2016,456.66
Malta,MLT,2017,2520.31
Malta,MLT,2018,4754.81
Malta,MLT,2019,535.03
Malta,MLT,2020,2427.96
Malta,MLT,2021,2597.88
Malta,MLT,2022,0
Malta,MLT,2023,0
Malta,MLT,2024,0
Malta,MLT,2025,0
Marshall Islands,MHL,2003,0
Marshall Islands,MHL,2004,0
Marshall Islands,MHL,2005,0
Marshall Islands,MHL,2006,0
Marshall Islands,MHL,2007,0
Marshall Islands,MHL,2008,0
Marshall Islands,MHL,2009,0
Marshall Islands,MHL,2010,0
Marshall Islands,MHL,2011,0
Marshall Islands,MHL,2012,0
Marshall Islands,MHL,2013,0
Marshall Islands,MHL,2014,0
Marshall Islands,MHL,2015,0
Marshall Islands,MHL,2016,0
Marshall Islands,MHL,2017,0
Marshall Islands,MHL,2018,0
Marshall Islands,MHL,2019,0
Marshall Islands,MHL,2020,0
Marshall Islands,MHL,2021,0
Marshall Islands,MHL,2022,0
Marshall Islands,MHL,2023,0
Marshall Islands,MHL,2024,0
Marshall Islands,MHL,2025,0
Martinique,MTQ,2003,7497.71
Martinique,MTQ,2004,3305.01
Martinique,MTQ,2005,792.89
Martinique,MTQ,2006,1822.49
Martinique,MTQ,2007,5646.81
Martinique,MTQ,2008,0
Martinique,MTQ,2009,725.74
Martinique,MTQ,2010,7666.4
Martinique,MTQ,2011,742.6
Martinique,MTQ,2012,0
Martinique,MTQ,2013,1937.66
Martinique,MTQ,2014,19592.121
Martinique,MTQ,2015,10084.04
Martinique,MTQ,2016,3856.51
Martinique,MTQ,2017,2050.85
Martinique,MTQ,2018,6366.78
Martinique,MTQ,2019,354.79
Martinique,MTQ,2020,3379.42
Martinique,MTQ,2021,3212.95
Martinique,MTQ,2022,0
Martinique,MTQ,2023,1155.65
Martinique,MTQ,2024,6225.9297
Martinique,MTQ,2025,4959.02
Mauritania,MRT,2003,204059.34
Mauritania,MRT,2004,1204742.4
Mauritania,MRT,2005,765623.9
Mauritania,MRT,2006,935572.2
Mauritania,MRT,2007,2353105
Mauritania,MRT,2008,1088300
Mauritania,MRT,2009,1112136.5
Mauritania,MRT,2010,1938541
Mauritania,MRT,2011,821701.7
Mauritania,MRT,2012,857127.9
Mauritania,MRT,2013,950952.3
Mauritania,MRT,2014,411919.16
Mauritania,MRT,2015,440909.94
Mauritania,MRT,2016,952446.4
Mauritania,MRT,2017,527912.94
Mauritania,MRT,2018,207564.73
Mauritania,MRT,2019,483077.53
Mauritania,MRT,2020,404965.06
Mauritania,MRT,2021,973000
Mauritania,MRT,2022,1116909.5
Mauritania,MRT,2023,1384801.2
Mauritania,MRT,2024,1050324
Mauritania,MRT,2025,1546540.5
Mauritius,MUS,2003,0
Mauritius,MUS,2004,0
Mauritius,MUS,2005,0
Mauritius,MUS,2006,0
Mauritius,MUS,2007,0
Mauritius,MUS,2008,0
Mauritius,MUS,2009,0
Mauritius,MUS,2010,0
Mauritius,MUS,2011,0
Mauritius,MUS,2012,0
Mauritius,MUS,2013,0
Mauritius,MUS,2014,0
Mauritius,MUS,2015,0
Mauritius,MUS,2016,0
Mauritius,MUS,2017,0
Mauritius,MUS,2018,0
Mauritius,MUS,2019,0
Mauritius,MUS,2020,0
Mauritius,MUS,2021,0
Mauritius,MUS,2022,0
Mauritius,MUS,2023,0
Mauritius,MUS,2024,0
Mauritius,MUS,2025,0
Mayotte,MYT,2003,12274.09
Mayotte,MYT,2004,0
Mayotte,MYT,2005,0
Mayotte,MYT,2006,1143.47
Mayotte,MYT,2007,1484.93
Mayotte,MYT,2008,0
Mayotte,MYT,2009,11378.76
Mayotte,MYT,2010,2757.46
Mayotte,MYT,2011,0
Mayotte,MYT,2012,14174.051
Mayotte,MYT,2013,5598.68
Mayotte,MYT,2014,0
Mayotte,MYT,2015,2342.53
Mayotte,MYT,2016,757.3
Mayotte,MYT,2017,744.98
Mayotte,MYT,2018,0
Mayotte,MYT,2019,8307.63
Mayotte,MYT,2020,0
Mayotte,MYT,2021,8867.78
Mayotte,MYT,2022,0
Mayotte,MYT,2023,5179.77
Mayotte,MYT,2024,10567.62
Mayotte,MYT,2025,16422.86
Mexico,MEX,2003,93697120
Mexico,MEX,2004,50771836
Mexico,MEX,2005,96138840
Mexico,MEX,2006,71226580
Mexico,MEX,2007,65344190
Mexico,MEX,2008,72182456
Mexico,MEX,2009,83286390
Mexico,MEX,2010,57234350
Mexico,MEX,2011,134440270
Mexico,MEX,2012,69893650
Mexico,MEX,2013,95245080
Mexico,MEX,2014,44332496
Mexico,MEX,2015,60950116
Mexico,MEX,2016,74113490
Mexico,MEX,2017,106701304
Mexico,MEX,2018,88745760
Mexico,MEX,2019,115725230
Mexico,MEX,2020,86879144
Mexico,MEX,2021,92714160
Mexico,MEX,2022,85786410
Mexico,MEX,2023,90397580
Mexico,MEX,2024,99264280
Mexico,MEX,2025,89457000
Micronesia (country),FSM,2003,0
Micronesia (country),FSM,2004,0
Micronesia (country),FSM,2005,0
Micronesia (country),FSM,2006,0
Micronesia (country),FSM,2007,0
Micronesia (country),FSM,2008,0
Micronesia (country),FSM,2009,0
Micronesia (country),FSM,2010,0
Micronesia (country),FSM,2011,0
Micronesia (country),FSM,2012,0
Micronesia (country),FSM,2013,0
Micronesia (country),FSM,2014,0
Micronesia (country),FSM,2015,0
Micronesia (country),FSM,2016,0
Micronesia (country),FSM,2017,0
Micronesia (country),FSM,2018,0
Micronesia (country),FSM,2019,0
Micronesia (country),FSM,2020,0
Micronesia (country),FSM,2021,0
Micronesia (country),FSM,2022,0
Micronesia (country),FSM,2023,0
Micronesia (country),FSM,2024,0
Micronesia (country),FSM,2025,0
Moldova,MDA,2003,15160.891
Moldova,MDA,2004,91204.59
Moldova,MDA,2005,171366.95
Moldova,MDA,2006,126095.336
Moldova,MDA,2007,138458
Moldova,MDA,2008,379441.66
Moldova,MDA,2009,171547.62
Moldova,MDA,2010,76222.58
Moldova,MDA,2011,213324.05
Moldova,MDA,2012,92746.1
Moldova,MDA,2013,105267.13
Moldova,MDA,2014,300094.03
Moldova,MDA,2015,154992.95
Moldova,MDA,2016,258094.39
Moldova,MDA,2017,125479.484
Moldova,MDA,2018,68666.17
Moldova,MDA,2019,116101.92
Moldova,MDA,2020,60553.77
Moldova,MDA,2021,76044.35
Moldova,MDA,2022,163254.66
Moldova,MDA,2023,43354.54
Moldova,MDA,2024,36542.86
Moldova,MDA,2025,37837.21
Monaco,MCO,2003,0
Monaco,MCO,2004,0
Monaco,MCO,2005,0
Monaco,MCO,2006,0
Monaco,MCO,2007,10395.82
Monaco,MCO,2008,0
Monaco,MCO,2009,0
Monaco,MCO,2010,408.85
Monaco,MCO,2011,0
Monaco,MCO,2012,0
Monaco,MCO,2013,0
Monaco,MCO,2014,0
Monaco,MCO,2015,0
Monaco,MCO,2016,0
Monaco,MCO,2017,0
Monaco,MCO,2018,0
Monaco,MCO,2019,0
Monaco,MCO,2020,0
Monaco,MCO,2021,0
Monaco,MCO,2022,189.55
Monaco,MCO,2023,0
Monaco,MCO,2024,0
Monaco,MCO,2025,0
Mongolia,MNG,2003,14955941
Mongolia,MNG,2004,10651685
Mongolia,MNG,2005,15305011
Mongolia,MNG,2006,27919932
Mongolia,MNG,2007,33012562
Mongolia,MNG,2008,51344108
Mongolia,MNG,2009,51370044
Mongolia,MNG,2010,3744251.5
Mongolia,MNG,2011,10430823
Mongolia,MNG,2012,49431640
Mongolia,MNG,2013,7467888
Mongolia,MNG,2014,12074902
Mongolia,MNG,2015,34209830
Mongolia,MNG,2016,5343370
Mongolia,MNG,2017,14835348
Mongolia,MNG,2018,2002033.6
Mongolia,MNG,2019,5112144
Mongolia,MNG,2020,1501978.8
Mongolia,MNG,2021,1267178.2
Mongolia,MNG,2022,13362923
Mongolia,MNG,2023,12640007
Mongolia,MNG,2024,2220897.5
Mongolia,MNG,2025,4774395.5
Montenegro,MNE,2003,76704.375
Montenegro,MNE,2004,9132.63
Montenegro,MNE,2005,14331.811
Montenegro,MNE,2006,16389.02
Montenegro,MNE,2007,369292.9
Montenegro,MNE,2008,46647.46
Montenegro,MNE,2009,29678.959
Montenegro,MNE,2010,22367.03
Montenegro,MNE,2011,213061.64
Montenegro,MNE,2012,493270.97
Montenegro,MNE,2013,16240.47
Montenegro,MNE,2014,29488.95
Montenegro,MNE,2015,133557.98
Montenegro,MNE,2016,41688.26
Montenegro,MNE,2017,377830.97
Montenegro,MNE,2018,39089.95
Montenegro,MNE,2019,74269.06
Montenegro,MNE,2020,197895.14
Montenegro,MNE,2021,290471.62
Montenegro,MNE,2022,77727.91
Montenegro,MNE,2023,4966.54
Montenegro,MNE,2024,89223.45
Montenegro,MNE,2025,127157.21
Montserrat,MSR,2003,4006166.8
Montserrat,MSR,2004,0
Montserrat,MSR,2005,396862.28
Montserrat,MSR,2006,5609348.5
Montserrat,MSR,2007,821779.7
Montserrat,MSR,2008,170723.19
Montserrat,MSR,2009,1262671.4
Montserrat,MSR,2010,1142299.8
Montserrat,MSR,2011,1831.66
Montserrat,MSR,2012,13218.62
Montserrat,MSR,2013,30557.09
Montserrat,MSR,2014,30474.73
Montserrat,MSR,2015,19622.02
Montserrat,MSR,2016,16020.5
Montserrat,MSR,2017,11859.46
Montserrat,MSR,2018,2017
Montserrat,MSR,2019,2545.48
Montserrat,MSR,2020,9115.81
Montserrat,MSR,2021,5079.0303
Montserrat,MSR,2022,1595.65
Montserrat,MSR,2023,4832.66
Montserrat,MSR,2024,29946.96
Montserrat,MSR,2025,0
Morocco,MAR,2003,363150.5
Morocco,MAR,2004,699261.7
Morocco,MAR,2005,773578.9
Morocco,MAR,2006,698522.3
Morocco,MAR,2007,426761.75
Morocco,MAR,2008,94991.94
Morocco,MAR,2009,272874.03
Morocco,MAR,2010,309292.84
Morocco,MAR,2011,401991.88
Morocco,MAR,2012,637766.94
Morocco,MAR,2013,406406.44
Morocco,MAR,2014,214492.42
Morocco,MAR,2015,169266.6
Morocco,MAR,2016,580212.8
Morocco,MAR,2017,361854.78
Morocco,MAR,2018,210917.92
Morocco,MAR,2019,312185.22
Morocco,MAR,2020,554676.2
Morocco,MAR,2021,418833.53
Morocco,MAR,2022,2735934.8
Morocco,MAR,2023,1094066
Morocco,MAR,2024,152083.55
Morocco,MAR,2025,304540
Mozambique,MOZ,2003,169725620
Mozambique,MOZ,2004,144093400
Mozambique,MOZ,2005,175192050
Mozambique,MOZ,2006,169312400
Mozambique,MOZ,2007,186587950
Mozambique,MOZ,2008,218936780
Mozambique,MOZ,2009,153059860
Mozambique,MOZ,2010,194291140
Mozambique,MOZ,2011,171391410
Mozambique,MOZ,2012,179682740
Mozambique,MOZ,2013,173902530
Mozambique,MOZ,2014,190013710
Mozambique,MOZ,2015,182410800
Mozambique,MOZ,2016,164401570
Mozambique,MOZ,2017,133771270
Mozambique,MOZ,2018,172743440
Mozambique,MOZ,2019,147243520
Mozambique,MOZ,2020,80886920
Mozambique,MOZ,2021,134584050
Mozambique,MOZ,2022,128602456
Mozambique,MOZ,2023,120769270
Mozambique,MOZ,2024,123056510
Mozambique,MOZ,2025,96405690
Myanmar,MMR,2003,114194240
Myanmar,MMR,2004,161585950
Myanmar,MMR,2005,121245310
Myanmar,MMR,2006,117915240
Myanmar,MMR,2007,171582130
Myanmar,MMR,2008,112597190
Myanmar,MMR,2009,151558660
Myanmar,MMR,2010,157313870
Myanmar,MMR,2011,94252760
Myanmar,MMR,2012,126951010
Myanmar,MMR,2013,108295464
Myanmar,MMR,2014,107292660
Myanmar,MMR,2015,90933140
Myanmar,MMR,2016,125378530
Myanmar,MMR,2017,67413530
Myanmar,MMR,2018,59762870
Myanmar,MMR,2019,77358400
Myanmar,MMR,2020,90029150
Myanmar,MMR,2021,92759464
Myanmar,MMR,2022,42697044
Myanmar,MMR,2023,80669600
Myanmar,MMR,2024,67894780
Myanmar,MMR,2025,51814692
Namibia,NAM,2003,20666802
Namibia,NAM,2004,21410568
Namibia,NAM,2005,19889738
Namibia,NAM,2006,26992786
Namibia,NAM,2007,33749116
Namibia,NAM,2008,21352470
Namibia,NAM,2009,38789600
Namibia,NAM,2010,35984850
Namibia,NAM,2011,77651336
Namibia,NAM,2012,79113850
Namibia,NAM,2013,29523724
Namibia,NAM,2014,21978670
Namibia,NAM,2015,19454140
Namibia,NAM,2016,16476138
Namibia,NAM,2017,18139616
Namibia,NAM,2018,14367925
Namibia,NAM,2019,7055252.5
Namibia,NAM,2020,18379730
Namibia,NAM,2021,25659682
Namibia,NAM,2022,18311606
Namibia,NAM,2023,20430350
Namibia,NAM,2024,6682758.5
Namibia,NAM,2025,9309568
Nauru,NRU,2003,0
Nauru,NRU,2004,0
Nauru,NRU,2005,0
Nauru,NRU,2006,0
Nauru,NRU,2007,0
Nauru,NRU,2008,0
Nauru,NRU,2009,0
Nauru,NRU,2010,0
Nauru,NRU,2011,0
Nauru,NRU,2012,0
Nauru,NRU,2013,0
Nauru,NRU,2014,0
Nauru,NRU,2015,0
Nauru,NRU,2016,0
Nauru,NRU,2017,0
Nauru,NRU,2018,0
Nauru,NRU,2019,0
Nauru,NRU,2020,0
Nauru,NRU,2021,0
Nauru,NRU,2022,0
Nauru,NRU,2023,0
Nauru,NRU,2024,0
Nauru,NRU,2025,0
Nepal,NPL,2003,1745968.6
Nepal,NPL,2004,2231034.5
Nepal,NPL,2005,1937082.6
Nepal,NPL,2006,2186715
Nepal,NPL,2007,897315.8
Nepal,NPL,2008,2066633
Nepal,NPL,2009,3805737.5
Nepal,NPL,2010,1910087.2
Nepal,NPL,2011,1413180.8
Nepal,NPL,2012,2312947
Nepal,NPL,2013,1704441
Nepal,NPL,2014,2170911
Nepal,NPL,2015,834810.5
Nepal,NPL,2016,5727225
Nepal,NPL,2017,1223048.8
Nepal,NPL,2018,1680684.5
Nepal,NPL,2019,1880885.1
Nepal,NPL,2020,812438.2
Nepal,NPL,2021,4104671
Nepal,NPL,2022,1061885.5
Nepal,NPL,2023,2320968.5
Nepal,NPL,2024,3624174.2
Nepal,NPL,2025,1581120.9
Netherlands,NLD,2003,235438.53
Netherlands,NLD,2004,186067.06
Netherlands,NLD,2005,144045.6
Netherlands,NLD,2006,118334
Netherlands,NLD,2007,166580.48
Netherlands,NLD,2008,183520.6
Netherlands,NLD,2009,223380.7
Netherlands,NLD,2010,135667.98
Netherlands,NLD,2011,194447.03
Netherlands,NLD,2012,97602.21
Netherlands,NLD,2013,182419.92
Netherlands,NLD,2014,142774.95
Netherlands,NLD,2015,178659.14
Netherlands,NLD,2016,116440.58
Netherlands,NLD,2017,293455.44
Netherlands,NLD,2018,326359.62
Netherlands,NLD,2019,258995.95
Netherlands,NLD,2020,285396.66
Netherlands,NLD,2021,160218.23
Netherlands,NLD,2022,246494.45
Netherlands,NLD,2023,257222.25
Netherlands,NLD,2024,243127.84
Netherlands,NLD,2025,322496.84
New Caledonia,NCL,2003,585423.8
New Caledonia,NCL,2004,1235399.8
New Caledonia,NCL,2005,551128.94
New Caledonia,NCL,2006,585705.75
New Caledonia,NCL,2007,300267.84
New Caledonia,NCL,2008,207459.81
New Caledonia,NCL,2009,267630.6
New Caledonia,NCL,2010,473512.88
New Caledonia,NCL,2011,440212.97
New Caledonia,NCL,2012,79029.55
New Caledonia,NCL,2013,498169.56
New Caledonia,NCL,2014,1057691.1
New Caledonia,NCL,2015,1538338
New Caledonia,NCL,2016,2044123.5
New Caledonia,NCL,2017,3671076.8
New Caledonia,NCL,2018,3995000.8
New Caledonia,NCL,2019,4359319.5
New Caledonia,NCL,2020,4115251.8
New Caledonia,NCL,2021,3697173.2
New Caledonia,NCL,2022,5837087.5
New Caledonia,NCL,2023,6679040
New Caledonia,NCL,2024,1381516.4
New Caledonia,NCL,2025,374359.03
New Zealand,NZL,2003,4049507
New Zealand,NZL,2004,1992166.2
New Zealand,NZL,2005,2785719
New Zealand,NZL,2006,2938689
New Zealand,NZL,2007,3046305.2
New Zealand,NZL,2008,2569996.8
New Zealand,NZL,2009,2861916.2
New Zealand,NZL,2010,2178579
New Zealand,NZL,2011,5158247.5
New Zealand,NZL,2012,2739847.2
New Zealand,NZL,2013,3359433.8
New Zealand,NZL,2014,2889869.5
New Zealand,NZL,2015,3534468.8
New Zealand,NZL,2016,2390489.5
New Zealand,NZL,2017,2946595.8
New Zealand,NZL,2018,2236792
New Zealand,NZL,2019,3009223.2
New Zealand,NZL,2020,2817958
New Zealand,NZL,2021,2391592.5
New Zealand,NZL,2022,2733019
New Zealand,NZL,2023,2328683
New Zealand,NZL,2024,3217138.8
New Zealand,NZL,2025,2799469.2
Nicaragua,NIC,2003,8846099
Nicaragua,NIC,2004,5020966
Nicaragua,NIC,2005,8956138
Nicaragua,NIC,2006,4732811
Nicaragua,NIC,2007,3128889
Nicaragua,NIC,2008,4947039
Nicaragua,NIC,2009,4588850.5
Nicaragua,NIC,2010,4686740.5
Nicaragua,NIC,2011,4796292
Nicaragua,NIC,2012,3087490.8
Nicaragua,NIC,2013,6491544.5
Nicaragua,NIC,2014,6823210
Nicaragua,NIC,2015,3873501.2
Nicaragua,NIC,2016,7343054.5
Nicaragua,NIC,2017,3113711.2
Nicaragua,NIC,2018,5346109
Nicaragua,NIC,2019,5930077
Nicaragua,NIC,2020,5880246.5
Nicaragua,NIC,2021,2481183.2
Nicaragua,NIC,2022,2171157
Nicaragua,NIC,2023,9391778
Nicaragua,NIC,2024,8309498.5
Nicaragua,NIC,2025,3673051.2
Niger,NER,2003,1999210
Niger,NER,2004,939123.75
Niger,NER,2005,1854230.5
Niger,NER,2006,1235508.6
Niger,NER,2007,1224359.5
Niger,NER,2008,1638688.4
Niger,NER,2009,865187.06
Niger,NER,2010,2182427.2
Niger,NER,2011,1907939.1
Niger,NER,2012,2533250
Niger,NER,2013,1521429
Niger,NER,2014,1038249.75
Niger,NER,2015,698102.06
Niger,NER,2016,2123091.8
Niger,NER,2017,1411233.2
Niger,NER,2018,1604064
Niger,NER,2019,1528161.4
Niger,NER,2020,1303693.2
Niger,NER,2021,2071532.4
Niger,NER,2022,1585044.9
Niger,NER,2023,1565757.2
Niger,NER,2024,2730308.5
Niger,NER,2025,4619412.5
Nigeria,NGA,2003,94350570
Nigeria,NGA,2004,94585464
Nigeria,NGA,2005,78301720
Nigeria,NGA,2006,83930840
Nigeria,NGA,2007,87284190
Nigeria,NGA,2008,76396450
Nigeria,NGA,2009,59715708
Nigeria,NGA,2010,59552270
Nigeria,NGA,2011,54786564
Nigeria,NGA,2012,48832696
Nigeria,NGA,2013,42565530
Nigeria,NGA,2014,45196084
Nigeria,NGA,2015,47929190
Nigeria,NGA,2016,63595108
Nigeria,NGA,2017,54921076
Nigeria,NGA,2018,48030240
Nigeria,NGA,2019,40980640
Nigeria,NGA,2020,50736560
Nigeria,NGA,2021,54670024
Nigeria,NGA,2022,50451770
Nigeria,NGA,2023,47642080
Nigeria,NGA,2024,51771732
Nigeria,NGA,2025,50009080
Niue,NIU,2003,0
Niue,NIU,2004,0
Niue,NIU,2005,0
Niue,NIU,2006,0
Niue,NIU,2007,0
Niue,NIU,2008,0
Niue,NIU,2009,0
Niue,NIU,2010,0
Niue,NIU,2011,0
Niue,NIU,2012,0
Niue,NIU,2013,0
Niue,NIU,2014,0
Niue,NIU,2015,0
Niue,NIU,2016,0
Niue,NIU,2017,0
Niue,NIU,2018,0
Niue,NIU,2019,0
Niue,NIU,2020,0
Niue,NIU,2021,0
Niue,NIU,2022,0
Niue,NIU,2023,0
Niue,NIU,2024,0
Niue,NIU,2025,0
Norfolk Island,NFK,2003,0
Norfolk Island,NFK,2004,0
Norfolk Island,NFK,2005,0
Norfolk Island,NFK,2006,0
Norfolk Island,NFK,2007,0
Norfolk Island,NFK,2008,0
Norfolk Island,NFK,2009,0
Norfolk Island,NFK,2010,0
Norfolk Island,NFK,2011,0
Norfolk Island,NFK,2012,0
Norfolk Island,NFK,2013,0
Norfolk Island,NFK,2014,0
Norfolk Island,NFK,2015,0
Norfolk Island,NFK,2016,0
Norfolk Island,NFK,2017,0
Norfolk Island,NFK,2018,0
Norfolk Island,NFK,2019,0
Norfolk Island,NFK,2020,0
Norfolk Island,NFK,2021,0
Norfolk Island,NFK,2022,0
Norfolk Island,NFK,2023,0
Norfolk Island,NFK,2024,0
Norfolk Island,NFK,2025,0
North America,OWID_NAM,2003,507485660
North America,OWID_NAM,2004,557985660
North America,OWID_NAM,2005,523495230
North America,OWID_NAM,2006,452568770
North America,OWID_NAM,2007,478546530
North America,OWID_NAM,2008,342316740
North America,OWID_NAM,2009,400424700
North America,OWID_NAM,2010,426496200
North America,OWID_NAM,2011,540979500
North America,OWID_NAM,2012,445682530
North America,OWID_NAM,2013,642719800
North America,OWID_NAM,2014,589059460
North America,OWID_NAM,2015,625264640
North America,OWID_NAM,2016,373641200
North America,OWID_NAM,2017,621415550
North America,OWID_NAM,2018,431382270
North America,OWID_NAM,2019,451105150
North America,OWID_NAM,2020,393682300
North America,OWID_NAM,2021,612529400
North America,OWID_NAM,2022,434018620
North America,OWID_NAM,2023,1547662200
North America,OWID_NAM,2024,923262700
North America,OWID_NAM,2025,988426300
North Korea,PRK,2003,1592659.1
North Korea,PRK,2004,3614217.2
North Korea,PRK,2005,3928523.8
North Korea,PRK,2006,1139939.9
North Korea,PRK,2007,1758804.9
North Korea,PRK,2008,2940678
North Korea,PRK,2009,3693317
North Korea,PRK,2010,744142.25
North Korea,PRK,2011,3076919
North Korea,PRK,2012,751577.8
North Korea,PRK,2013,864031.56
North Korea,PRK,2014,4192730.8
North Korea,PRK,2015,2208400.8
North Korea,PRK,2016,623773.44
North Korea,PRK,2017,1148383.6
North Korea,PRK,2018,1467468
North Korea,PRK,2019,1174129.1
North Korea,PRK,2020,593324.06
North Korea,PRK,2021,151408.8
North Korea,PRK,2022,251290.81
North Korea,PRK,2023,262086.06
North Korea,PRK,2024,784450.5
North Korea,PRK,2025,163055.23
North Macedonia,MKD,2003,360953.4
North Macedonia,MKD,2004,303230.75
North Macedonia,MKD,2005,535676.56
North Macedonia,MKD,2006,524257
North Macedonia,MKD,2007,1190667.2
North Macedonia,MKD,2008,575966.56
North Macedonia,MKD,2009,278462.7
North Macedonia,MKD,2010,437856.06
North Macedonia,MKD,2011,820921.8
North Macedonia,MKD,2012,1038284.44
North Macedonia,MKD,2013,683574
North Macedonia,MKD,2014,380067.7
North Macedonia,MKD,2015,436600.88
North Macedonia,MKD,2016,266616.3
North Macedonia,MKD,2017,311073.8
North Macedonia,MKD,2018,197583.6
North Macedonia,MKD,2019,434067.78
North Macedonia,MKD,2020,396033.94
North Macedonia,MKD,2021,777657.94
North Macedonia,MKD,2022,216169.95
North Macedonia,MKD,2023,175771.98
North Macedonia,MKD,2024,413111.56
North Macedonia,MKD,2025,347589.06
Northern Cyprus,OWID_CYN,2003,76065.34
Northern Cyprus,OWID_CYN,2004,10415.81
Northern Cyprus,OWID_CYN,2005,12629.62
Northern Cyprus,OWID_CYN,2006,2660.58
Northern Cyprus,OWID_CYN,2007,5423.52
Northern Cyprus,OWID_CYN,2008,2053.92
Northern Cyprus,OWID_CYN,2009,6807.16
Northern Cyprus,OWID_CYN,2010,26877.05
Northern Cyprus,OWID_CYN,2011,16835.3
Northern Cyprus,OWID_CYN,2012,41121.168
Northern Cyprus,OWID_CYN,2013,26859.19
Northern Cyprus,OWID_CYN,2014,6229.34
Northern Cyprus,OWID_CYN,2015,3273.1802
Northern Cyprus,OWID_CYN,2016,4186.83
Northern Cyprus,OWID_CYN,2017,25698.44
Northern Cyprus,OWID_CYN,2018,1377.15
Northern Cyprus,OWID_CYN,2019,7907.1
Northern Cyprus,OWID_CYN,2020,33360.23
Northern Cyprus,OWID_CYN,2021,9880.041
Northern Cyprus,OWID_CYN,2022,167044.19
Northern Cyprus,OWID_CYN,2023,9366.07
Northern Cyprus,OWID_CYN,2024,5689.06
Northern Cyprus,OWID_CYN,2025,10021.85
Northern Mariana Islands,MNP,2003,0
Northern Mariana Islands,MNP,2004,0
Northern Mariana Islands,MNP,2005,0
Northern Mariana Islands,MNP,2006,0
Northern Mariana Islands,MNP,2007,0
Northern Mariana Islands,MNP,2008,0
Northern Mariana Islands,MNP,2009,0
Northern Mariana Islands,MNP,2010,0
Northern Mariana Islands,MNP,2011,0
Northern Mariana Islands,MNP,2012,0
Northern Mariana Islands,MNP,2013,0
Northern Mariana Islands,MNP,2014,0
Northern Mariana Islands,MNP,2015,0
Northern Mariana Islands,MNP,2016,0
Northern Mariana Islands,MNP,2017,0
Northern Mariana Islands,MNP,2018,0
Northern Mariana Islands,MNP,2019,0
Northern Mariana Islands,MNP,2020,0
Northern Mariana Islands,MNP,2021,0
Northern Mariana Islands,MNP,2022,0
Northern Mariana Islands,MNP,2023,0
Northern Mariana Islands,MNP,2024,0
Northern Mariana Islands,MNP,2025,0
Norway,NOR,2003,122974.21
Norway,NOR,2004,70964.69
Norway,NOR,2005,114713.32
Norway,NOR,2006,131532.8
Norway,NOR,2007,2176672.5
Norway,NOR,2008,380475.38
Norway,NOR,2009,27692.861
Norway,NOR,2010,52120.66
Norway,NOR,2011,78176.03
Norway,NOR,2012,168574.92
Norway,NOR,2013,99523.73
Norway,NOR,2014,183380.08
Norway,NOR,2015,93150.89
Norway,NOR,2016,155791.42
Norway,NOR,2017,246855.72
Norway,NOR,2018,281516.6
Norway,NOR,2019,111145.7
Norway,NOR,2020,425368.44
Norway,NOR,2021,270834.25
Norway,NOR,2022,50267.37
Norway,NOR,2023,30668.49
Norway,NOR,2024,578225.2
Norway,NOR,2025,43060.21
Oceania,OWID_OCE,2003,389907200
Oceania,OWID_OCE,2004,637544640
Oceania,OWID_OCE,2005,335486940
Oceania,OWID_OCE,2006,604220350
Oceania,OWID_OCE,2007,546023100
Oceania,OWID_OCE,2008,321540900
Oceania,OWID_OCE,2009,448671780
Oceania,OWID_OCE,2010,214826020
Oceania,OWID_OCE,2011,921115970
Oceania,OWID_OCE,2012,1009113000
Oceania,OWID_OCE,2013,351735680
Oceania,OWID_OCE,2014,513971400
Oceania,OWID_OCE,2015,501520320
Oceania,OWID_OCE,2016,295593400
Oceania,OWID_OCE,2017,534987500
Oceania,OWID_OCE,2018,595957300
Oceania,OWID_OCE,2019,611014340
Oceania,OWID_OCE,2020,330728060
Oceania,OWID_OCE,2021,305088700
Oceania,OWID_OCE,2022,304025500
Oceania,OWID_OCE,2023,750027100
Oceania,OWID_OCE,2024,365965340
Oceania,OWID_OCE,2025,413654300
Oman,OMN,2003,707329.94
Oman,OMN,2004,1325896.2
Oman,OMN,2005,871588.44
Oman,OMN,2006,737191.7
Oman,OMN,2007,858283.4
Oman,OMN,2008,719207.44
Oman,OMN,2009,497637.3
Oman,OMN,2010,289366.94
Oman,OMN,2011,367823.03
Oman,OMN,2012,422125.2
Oman,OMN,2013,333518
Oman,OMN,2014,568091.7
Oman,OMN,2015,523767.7
Oman,OMN,2016,1143812.9
Oman,OMN,2017,6930676.5
Oman,OMN,2018,4384132
Oman,OMN,2019,6245696.5
Oman,OMN,2020,6572787
Oman,OMN,2021,6462702.5
Oman,OMN,2022,6370205
Oman,OMN,2023,5254228.5
Oman,OMN,2024,6371502.5
Oman,OMN,2025,5598272.5
Pakistan,PAK,2003,1885371.9
Pakistan,PAK,2004,2277027.2
Pakistan,PAK,2005,2153032.5
Pakistan,PAK,2006,2102694.8
Pakistan,PAK,2007,2282092
Pakistan,PAK,2008,3706043.5
Pakistan,PAK,2009,2939614.8
Pakistan,PAK,2010,2646625.2
Pakistan,PAK,2011,2610307.5
Pakistan,PAK,2012,3907103.5
Pakistan,PAK,2013,2751195.2
Pakistan,PAK,2014,3077829.2
Pakistan,PAK,2015,2730766.8
Pakistan,PAK,2016,3484454
Pakistan,PAK,2017,7369359
Pakistan,PAK,2018,6123667.5
Pakistan,PAK,2019,7113755.5
Pakistan,PAK,2020,6832741
Pakistan,PAK,2021,8329823
Pakistan,PAK,2022,5624952
Pakistan,PAK,2023,5423664
Pakistan,PAK,2024,5339526
Pakistan,PAK,2025,4192153.5
Palau,PLW,2003,0
Palau,PLW,2004,0
Palau,PLW,2005,0
Palau,PLW,2006,0
Palau,PLW,2007,0
Palau,PLW,2008,0
Palau,PLW,2009,0
Palau,PLW,2010,0
Palau,PLW,2011,0
Palau,PLW,2012,0
Palau,PLW,2013,0
Palau,PLW,2014,0
Palau,PLW,2015,0
Palau,PLW,2016,0
Palau,PLW,2017,0
Palau,PLW,2018,0
Palau,PLW,2019,0
Palau,PLW,2020,0
Palau,PLW,2021,0
Palau,PLW,2022,0
Palau,PLW,2023,0
Palau,PLW,2024,0
Palau,PLW,2025,0
Palestine,PSE,2003,26542.63
Palestine,PSE,2004,21707.63
Palestine,PSE,2005,18627.932
Palestine,PSE,2006,10311.19
Palestine,PSE,2007,58637.574
Palestine,PSE,2008,47483.61
Palestine,PSE,2009,7429.18
Palestine,PSE,2010,29318.92
Palestine,PSE,2011,12505.58
Palestine,PSE,2012,13453.25
Palestine,PSE,2013,15771.04
Palestine,PSE,2014,18503.26
Palestine,PSE,2015,33213.14
Palestine,PSE,2016,56179.75
Palestine,PSE,2017,10015.18
Palestine,PSE,2018,8119.18
Palestine,PSE,2019,59819.78
Palestine,PSE,2020,38454.38
Palestine,PSE,2021,67771.67
Palestine,PSE,2022,27845.4
Palestine,PSE,2023,36377.91
Palestine,PSE,2024,73638.91
Palestine,PSE,2025,30001.66
Panama,PAN,2003,4311591
Panama,PAN,2004,4284092.5
Panama,PAN,2005,1772165.1
Panama,PAN,2006,2665764.8
Panama,PAN,2007,2744990.2
Panama,PAN,2008,2485686.2
Panama,PAN,2009,2774449.5
Panama,PAN,2010,1256629.8
Panama,PAN,2011,1202398.1
Panama,PAN,2012,1920418.8
Panama,PAN,2013,2871834.2
Panama,PAN,2014,1739617.4
Panama,PAN,2015,2121900.2
Panama,PAN,2016,2888574.2
Panama,PAN,2017,1580860.9
Panama,PAN,2018,1152680.6
Panama,PAN,2019,3016904.5
Panama,PAN,2020,2310995.5
Panama,PAN,2021,1158095.2
Panama,PAN,2022,838470.5
Panama,PAN,2023,2330751.8
Panama,PAN,2024,1320334.6
Panama,PAN,2025,897164.3
Papua New Guinea,PNG,2003,13073018
Papua New Guinea,PNG,2004,24712726
Papua New Guinea,PNG,2005,9909409
Papua New Guinea,PNG,2006,13344133
Papua New Guinea,PNG,2007,8873210
Papua New Guinea,PNG,2008,9833870
Papua New Guinea,PNG,2009,9226198
Papua New Guinea,PNG,2010,13999204
Papua New Guinea,PNG,2011,9797248
Papua New Guinea,PNG,2012,16481575
Papua New Guinea,PNG,2013,9420341
Papua New Guinea,PNG,2014,12373299
Papua New Guinea,PNG,2015,34306736
Papua New Guinea,PNG,2016,8193407
Papua New Guinea,PNG,2017,10500819
Papua New Guinea,PNG,2018,14261160
Papua New Guinea,PNG,2019,12215692
Papua New Guinea,PNG,2020,6911453.5
Papua New Guinea,PNG,2021,9618806
Papua New Guinea,PNG,2022,11357107
Papua New Guinea,PNG,2023,10975616
Papua New Guinea,PNG,2024,7896725.5
Papua New Guinea,PNG,2025,6177540.5
Paraguay,PRY,2003,81943510
Paraguay,PRY,2004,53679348
Paraguay,PRY,2005,63249904
Paraguay,PRY,2006,58518290
Paraguay,PRY,2007,89941210
Paraguay,PRY,2008,48854016
Paraguay,PRY,2009,43833624
Paraguay,PRY,2010,53901264
Paraguay,PRY,2011,56952332
Paraguay,PRY,2012,51966584
Paraguay,PRY,2013,62882908
Paraguay,PRY,2014,37797524
Paraguay,PRY,2015,32752718
Paraguay,PRY,2016,44236864
Paraguay,PRY,2017,52000948
Paraguay,PRY,2018,24228906
Paraguay,PRY,2019,55887716
Paraguay,PRY,2020,73364120
Paraguay,PRY,2021,63488264
Paraguay,PRY,2022,41222764
Paraguay,PRY,2023,42496660
Paraguay,PRY,2024,49529340
Paraguay,PRY,2025,21148630
Peru,PER,2003,18070136
Peru,PER,2004,12244643
Peru,PER,2005,24910264
Peru,PER,2006,15539283
Peru,PER,2007,22763786
Peru,PER,2008,17824126
Peru,PER,2009,14047571
Peru,PER,2010,24896226
Peru,PER,2011,14752023
Peru,PER,2012,21230232
Peru,PER,2013,14734146
Peru,PER,2014,12537774
Peru,PER,2015,17824528
Peru,PER,2016,22900580
Peru,PER,2017,13023345
Peru,PER,2018,15772078
Peru,PER,2019,19881446
Peru,PER,2020,16101645
Peru,PER,2021,17573970
Peru,PER,2022,25495936
Peru,PER,2023,18696434
Peru,PER,2024,24734534
Peru,PER,2025,10361256
Philippines,PHL,2003,8002454.5
Philippines,PHL,2004,8060486
Philippines,PHL,2005,8491214
Philippines,PHL,2006,7861677.5
Philippines,PHL,2007,7675333
Philippines,PHL,2008,4357668.5
Philippines,PHL,2009,5503419
Philippines,PHL,2010,9672075
Philippines,PHL,2011,4072935.8
Philippines,PHL,2012,3933690.2
Philippines,PHL,2013,4472355
Philippines,PHL,2014,6302290.5
Philippines,PHL,2015,7534758.5
Philippines,PHL,2016,11048561
Philippines,PHL,2017,7462455.5
Philippines,PHL,2018,9051626
Philippines,PHL,2019,15746554
Philippines,PHL,2020,18339746
Philippines,PHL,2021,6080880.5
Philippines,PHL,2022,4533243
Philippines,PHL,2023,6906463
Philippines,PHL,2024,10950617
Philippines,PHL,2025,2912631.2
Pitcairn,PCN,2003,0
Pitcairn,PCN,2004,0
Pitcairn,PCN,2005,0
Pitcairn,PCN,2006,0
Pitcairn,PCN,2007,0
Pitcairn,PCN,2008,0
Pitcairn,PCN,2009,0
Pitcairn,PCN,2010,0
Pitcairn,PCN,2011,0
Pitcairn,PCN,2012,0
Pitcairn,PCN,2013,0
Pitcairn,PCN,2014,0
Pitcairn,PCN,2015,0
Pitcairn,PCN,2016,0
Pitcairn,PCN,2017,0
Pitcairn,PCN,2018,0
Pitcairn,PCN,2019,0
Pitcairn,PCN,2020,0
Pitcairn,PCN,2021,0
Pitcairn,PCN,2022,0
Pitcairn,PCN,2023,0
Pitcairn,PCN,2024,0
Pitcairn,PCN,2025,0
Poland,POL,2003,618490.44
Poland,POL,2004,457238.66
Poland,POL,2005,244474.77
Poland,POL,2006,261740.78
Poland,POL,2007,200591
Poland,POL,2008,199679.56
Poland,POL,2009,185768.8
Poland,POL,2010,147878.75
Poland,POL,2011,249449.62
Poland,POL,2012,277552.75
Poland,POL,2013,212437.14
Poland,POL,2014,285658.53
Poland,POL,2015,326208.8
Poland,POL,2016,225851.45
Poland,POL,2017,100337.93
Poland,POL,2018,119136.58
Poland,POL,2019,131351.12
Poland,POL,2020,201186.06
Poland,POL,2021,77380.87
Poland,POL,2022,111407.3
Poland,POL,2023,57654.67
Poland,POL,2024,153819.34
Poland,POL,2025,169609.3
Portugal,PRT,2003,15026521
Portugal,PRT,2004,3574684.2
Portugal,PRT,2005,15344295
Portugal,PRT,2006,3808338
Portugal,PRT,2007,1469181.9
Portugal,PRT,2008,974919.7
Portugal,PRT,2009,3957962.2
Portugal,PRT,2010,5335642
Portugal,PRT,2011,4080523.8
Portugal,PRT,2012,4607755.5
Portugal,PRT,2013,6418328.5
Portugal,PRT,2014,686773.94
Portugal,PRT,2015,2844697.8
Portugal,PRT,2016,6355924.5
Portugal,PRT,2017,17217726
Portugal,PRT,2018,2118350.2
Portugal,PRT,2019,1374801.9
Portugal,PRT,2020,1909382.4
Portugal,PRT,2021,1027917.94
Portugal,PRT,2022,3673717
Portugal,PRT,2023,1633575.9
Portugal,PRT,2024,5485003.5
Portugal,PRT,2025,11626218
Puerto Rico,PRI,2003,70737.02
Puerto Rico,PRI,2004,44542.06
Puerto Rico,PRI,2005,153771.56
Puerto Rico,PRI,2006,70650.07
Puerto Rico,PRI,2007,202850.11
Puerto Rico,PRI,2008,91860.85
Puerto Rico,PRI,2009,201079.36
Puerto Rico,PRI,2010,47751.42
Puerto Rico,PRI,2011,109219.54
Puerto Rico,PRI,2012,102621.38
Puerto Rico,PRI,2013,180628.53
Puerto Rico,PRI,2014,162006.6
Puerto Rico,PRI,2015,70888.57
Puerto Rico,PRI,2016,42292.55
Puerto Rico,PRI,2017,32673.36
Puerto Rico,PRI,2018,50715.27
Puerto Rico,PRI,2019,134201.7
Puerto Rico,PRI,2020,21355.72
Puerto Rico,PRI,2021,51126.53
Puerto Rico,PRI,2022,16892.12
Puerto Rico,PRI,2023,31452.12
Puerto Rico,PRI,2024,43774.32
Puerto Rico,PRI,2025,34986.65
Qatar,QAT,2003,915962.06
Qatar,QAT,2004,1674869.5
Qatar,QAT,2005,274299.88
Qatar,QAT,2006,166272.53
Qatar,QAT,2007,417310.88
Qatar,QAT,2008,159389.5
Qatar,QAT,2009,84528.52
Qatar,QAT,2010,127966.86
Qatar,QAT,2011,29901.15
Qatar,QAT,2012,117937.375
Qatar,QAT,2013,63291.97
Qatar,QAT,2014,173827.78
Qatar,QAT,2015,62558.438
Qatar,QAT,2016,54803.207
Qatar,QAT,2017,52782.14
Qatar,QAT,2018,52765.32
Qatar,QAT,2019,139470.56
Qatar,QAT,2020,46588.98
Qatar,QAT,2021,57171.93
Qatar,QAT,2022,72148.65
Qatar,QAT,2023,15294.18
Qatar,QAT,2024,23996.07
Qatar,QAT,2025,168553.58
Reunion,REU,2003,0
Reunion,REU,2004,0
Reunion,REU,2005,0
Reunion,REU,2006,0
Reunion,REU,2007,0
Reunion,REU,2008,0
Reunion,REU,2009,0
Reunion,REU,2010,0
Reunion,REU,2011,0
Reunion,REU,2012,0
Reunion,REU,2013,0
Reunion,REU,2014,0
Reunion,REU,2015,0
Reunion,REU,2016,0
Reunion,REU,2017,0
Reunion,REU,2018,0
Reunion,REU,2019,0
Reunion,REU,2020,0
Reunion,REU,2021,0
Reunion,REU,2022,0
Reunion,REU,2023,0
Reunion,REU,2024,0
Reunion,REU,2025,0
Romania,ROU,2003,708704.8
Romania,ROU,2004,2006088
Romania,ROU,2005,1191126.2
Romania,ROU,2006,1235254.5
Romania,ROU,2007,1606492.1
Romania,ROU,2008,2116058.8
Romania,ROU,2009,1154882.9
Romania,ROU,2010,732774.2
Romania,ROU,2011,2257398.5
Romania,ROU,2012,2273710
Romania,ROU,2013,831914.9
Romania,ROU,2014,899516.44
Romania,ROU,2015,832236.5
Romania,ROU,2016,1061605.8
Romania,ROU,2017,1552740.2
Romania,ROU,2018,525199.8
Romania,ROU,2019,1798928.1
Romania,ROU,2020,1607746.9
Romania,ROU,2021,792515.9
Romania,ROU,2022,1781929.1
Romania,ROU,2023,380023.22
Romania,ROU,2024,528357.5
Romania,ROU,2025,1271150.2
Russia,RUS,2003,1303552300
Russia,RUS,2004,249815580
Russia,RUS,2005,503342500
Russia,RUS,2006,469009800
Russia,RUS,2007,348302900
Russia,RUS,2008,822560900
Russia,RUS,2009,407186850
Russia,RUS,2010,418461500
Russia,RUS,2011,490781400
Russia,RUS,2012,1013985600
Russia,RUS,2013,396612580
Russia,RUS,2014,572019140
Russia,RUS,2015,529422850
Russia,RUS,2016,660763500
Russia,RUS,2017,371175550
Russia,RUS,2018,649352260
Russia,RUS,2019,589758400
Russia,RUS,2020,611426940
Russia,RUS,2021,935445250
Russia,RUS,2022,265385460
Russia,RUS,2023,392846270
Russia,RUS,2024,548817200
Russia,RUS,2025,319520260
Rwanda,RWA,2003,435032
Rwanda,RWA,2004,430284.6
Rwanda,RWA,2005,404973.66
Rwanda,RWA,2006,296523.9
Rwanda,RWA,2007,156005.38
Rwanda,RWA,2008,162591.86
Rwanda,RWA,2009,253064.78
Rwanda,RWA,2010,481287.06
Rwanda,RWA,2011,96490.75
Rwanda,RWA,2012,420927.84
Rwanda,RWA,2013,620873.1
Rwanda,RWA,2014,214060.28
Rwanda,RWA,2015,632515.56
Rwanda,RWA,2016,590814.75
Rwanda,RWA,2017,386681.56
Rwanda,RWA,2018,202761.94
Rwanda,RWA,2019,323650.5
Rwanda,RWA,2020,143960.55
Rwanda,RWA,2021,307241.94
Rwanda,RWA,2022,291683.94
Rwanda,RWA,2023,239362.44
Rwanda,RWA,2024,313699.56
Rwanda,RWA,2025,314993.6
Saint Barthelemy,BLM,2003,0
Saint Barthelemy,BLM,2004,0
Saint Barthelemy,BLM,2005,0
Saint Barthelemy,BLM,2006,0
Saint Barthelemy,BLM,2007,0
Saint Barthelemy,BLM,2008,0
Saint Barthelemy,BLM,2009,0
Saint Barthelemy,BLM,2010,0
Saint Barthelemy,BLM,2011,0
Saint Barthelemy,BLM,2012,0
Saint Barthelemy,BLM,2013,0
Saint Barthelemy,BLM,2014,0
Saint Barthelemy,BLM,2015,0
Saint Barthelemy,BLM,2016,0
Saint Barthelemy,BLM,2017,0
Saint Barthelemy,BLM,2018,0
Saint Barthelemy,BLM,2019,0
Saint Barthelemy,BLM,2020,0
Saint Barthelemy,BLM,2021,586.48
Saint Barthelemy,BLM,2022,0
Saint Barthelemy,BLM,2023,0
Saint Barthelemy,BLM,2024,0
Saint Barthelemy,BLM,2025,0
Saint Helena,SHN,2003,7103
Saint Helena,SHN,2004,0
Saint Helena,SHN,2005,7025.19
Saint Helena,SHN,2006,14435.08
Saint Helena,SHN,2007,3828.47
Saint Helena,SHN,2008,25005.361
Saint Helena,SHN,2009,0
Saint Helena,SHN,2010,0
Saint Helena,SHN,2011,25624.83
Saint Helena,SHN,2012,11041.08
Saint Helena,SHN,2013,0
Saint Helena,SHN,2014,5230.94
Saint Helena,SHN,2015,22834.77
Saint Helena,SHN,2016,0
Saint Helena,SHN,2017,10263.35
Saint Helena,SHN,2018,2924.23
Saint Helena,SHN,2019,12574.619
Saint Helena,SHN,2020,15526.24
Saint Helena,SHN,2021,2028.42
Saint Helena,SHN,2022,0
Saint Helena,SHN,2023,0
Saint Helena,SHN,2024,2147.61
Saint Helena,SHN,2025,0
Saint Kitts and Nevis,KNA,2003,41486.367
Saint Kitts and Nevis,KNA,2004,1117.51
Saint Kitts and Nevis,KNA,2005,20110.68
Saint Kitts and Nevis,KNA,2006,1646.15
Saint Kitts and Nevis,KNA,2007,9813.42
Saint Kitts and Nevis,KNA,2008,9443.3
Saint Kitts and Nevis,KNA,2009,8367.93
Saint Kitts and Nevis,KNA,2010,42324.73
Saint Kitts and Nevis,KNA,2011,3052.07
Saint Kitts and Nevis,KNA,2012,16776.6
Saint Kitts and Nevis,KNA,2013,15670.03
Saint Kitts and Nevis,KNA,2014,24952.63
Saint Kitts and Nevis,KNA,2015,105561.44
Saint Kitts and Nevis,KNA,2016,11042.31
Saint Kitts and Nevis,KNA,2017,8300.189
Saint Kitts and Nevis,KNA,2018,322230.78
Saint Kitts and Nevis,KNA,2019,351564.97
Saint Kitts and Nevis,KNA,2020,32785.74
Saint Kitts and Nevis,KNA,2021,229531.06
Saint Kitts and Nevis,KNA,2022,23059.58
Saint Kitts and Nevis,KNA,2023,4723.08
Saint Kitts and Nevis,KNA,2024,24463.82
Saint Kitts and Nevis,KNA,2025,40942.68
Saint Lucia,LCA,2003,9721.43
Saint Lucia,LCA,2004,21829.988
Saint Lucia,LCA,2005,1254.25
Saint Lucia,LCA,2006,26143.81
Saint Lucia,LCA,2007,8630.04
Saint Lucia,LCA,2008,21004.93
Saint Lucia,LCA,2009,0
Saint Lucia,LCA,2010,5746.04
Saint Lucia,LCA,2011,4724.85
Saint Lucia,LCA,2012,5261.56
Saint Lucia,LCA,2013,3513.95
Saint Lucia,LCA,2014,0
Saint Lucia,LCA,2015,13375.17
Saint Lucia,LCA,2016,847.96
Saint Lucia,LCA,2017,0
Saint Lucia,LCA,2018,0
Saint Lucia,LCA,2019,1233.0801
Saint Lucia,LCA,2020,1528.35
Saint Lucia,LCA,2021,529.91
Saint Lucia,LCA,2022,16964.82
Saint Lucia,LCA,2023,0
Saint Lucia,LCA,2024,0
Saint Lucia,LCA,2025,2939.97
Saint Martin (French part),MAF,2003,0
Saint Martin (French part),MAF,2004,0
Saint Martin (French part),MAF,2005,0
Saint Martin (French part),MAF,2006,0
Saint Martin (French part),MAF,2007,0
Saint Martin (French part),MAF,2008,0
Saint Martin (French part),MAF,2009,0
Saint Martin (French part),MAF,2010,0
Saint Martin (French part),MAF,2011,0
Saint Martin (French part),MAF,2012,0
Saint Martin (French part),MAF,2013,0
Saint Martin (French part),MAF,2014,0
Saint Martin (French part),MAF,2015,0
Saint Martin (French part),MAF,2016,0
Saint Martin (French part),MAF,2017,0
Saint Martin (French part),MAF,2018,0
Saint Martin (French part),MAF,2019,0
Saint Martin (French part),MAF,2020,0
Saint Martin (French part),MAF,2021,0
Saint Martin (French part),MAF,2022,0
Saint Martin (French part),MAF,2023,0
Saint Martin (French part),MAF,2024,0
Saint Martin (French part),MAF,2025,0
Saint Pierre and Miquelon,SPM,2003,0
Saint Pierre and Miquelon,SPM,2004,0
Saint Pierre and Miquelon,SPM,2005,0
Saint Pierre and Miquelon,SPM,2006,0
Saint Pierre and Miquelon,SPM,2007,0
Saint Pierre and Miquelon,SPM,2008,0
Saint Pierre and Miquelon,SPM,2009,0
Saint Pierre and Miquelon,SPM,2010,0
Saint Pierre and Miquelon,SPM,2011,0
Saint Pierre and Miquelon,SPM,2012,0
Saint Pierre and Miquelon,SPM,2013,0
Saint Pierre and Miquelon,SPM,2014,0
Saint Pierre and Miquelon,SPM,2015,0
Saint Pierre and Miquelon,SPM,2016,0
Saint Pierre and Miquelon,SPM,2017,0
Saint Pierre and Miquelon,SPM,2018,0
Saint Pierre and Miquelon,SPM,2019,0
Saint Pierre and Miquelon,SPM,2020,0
Saint Pierre and Miquelon,SPM,2021,0
Saint Pierre and Miquelon,SPM,2022,0
Saint Pierre and Miquelon,SPM,2023,0
Saint Pierre and Miquelon,SPM,2024,0
Saint Pierre and Miquelon,SPM,2025,0
Saint Vincent and the Grenadines,VCT,2003,0
Saint Vincent and the Grenadines,VCT,2004,0
Saint Vincent and the Grenadines,VCT,2005,0
Saint Vincent and the Grenadines,VCT,2006,0
Saint Vincent and the Grenadines,VCT,2007,0
Saint Vincent and the Grenadines,VCT,2008,1776.42
Saint Vincent and the Grenadines,VCT,2009,0
Saint Vincent and the Grenadines,VCT,2010,2038.78
Saint Vincent and the Grenadines,VCT,2011,0
Saint Vincent and the Grenadines,VCT,2012,1583.03
Saint Vincent and the Grenadines,VCT,2013,0
Saint Vincent and the Grenadines,VCT,2014,1085.8
Saint Vincent and the Grenadines,VCT,2015,0
Saint Vincent and the Grenadines,VCT,2016,888.64
Saint Vincent and the Grenadines,VCT,2017,0
Saint Vincent and the Grenadines,VCT,2018,494.61
Saint Vincent and the Grenadines,VCT,2019,321391.25
Saint Vincent and the Grenadines,VCT,2020,218509.47
Saint Vincent and the Grenadines,VCT,2021,287982.88
Saint Vincent and the Grenadines,VCT,2022,187861.39
Saint Vincent and the Grenadines,VCT,2023,0
Saint Vincent and the Grenadines,VCT,2024,888343.4
Saint Vincent and the Grenadines,VCT,2025,0
Samoa,WSM,2003,0
Samoa,WSM,2004,0
Samoa,WSM,2005,0
Samoa,WSM,2006,0
Samoa,WSM,2007,0
Samoa,WSM,2008,0
Samoa,WSM,2009,0
Samoa,WSM,2010,0
Samoa,WSM,2011,0
Samoa,WSM,2012,0
Samoa,WSM,2013,0
Samoa,WSM,2014,0
Samoa,WSM,2015,0
Samoa,WSM,2016,0
Samoa,WSM,2017,0
Samoa,WSM,2018,0
Samoa,WSM,2019,0
Samoa,WSM,2020,0
Samoa,WSM,2021,0
Samoa,WSM,2022,0
Samoa,WSM,2023,0
Samoa,WSM,2024,0
Samoa,WSM,2025,0
San Marino,SMR,2003,0
San Marino,SMR,2004,0
San Marino,SMR,2005,0
San Marino,SMR,2006,0
San Marino,SMR,2007,513.86
San Marino,SMR,2008,0
San Marino,SMR,2009,0
San Marino,SMR,2010,0
San Marino,SMR,2011,71.32
San Marino,SMR,2012,0
San Marino,SMR,2013,0
San Marino,SMR,2014,0
San Marino,SMR,2015,565.02
San Marino,SMR,2016,0
San Marino,SMR,2017,64.03
San Marino,SMR,2018,0
San Marino,SMR,2019,0
San Marino,SMR,2020,0
San Marino,SMR,2021,0
San Marino,SMR,2022,0
San Marino,SMR,2023,0
San Marino,SMR,2024,0
San Marino,SMR,2025,0
Sao Tome and Principe,STP,2003,0
Sao Tome and Principe,STP,2004,0
Sao Tome and Principe,STP,2005,0
Sao Tome and Principe,STP,2006,0
Sao Tome and Principe,STP,2007,0
Sao Tome and Principe,STP,2008,0
Sao Tome and Principe,STP,2009,0
Sao Tome and Principe,STP,2010,0
Sao Tome and Principe,STP,2011,0
Sao Tome and Principe,STP,2012,0
Sao Tome and Principe,STP,2013,0
Sao Tome and Principe,STP,2014,0
Sao Tome and Principe,STP,2015,0
Sao Tome and Principe,STP,2016,0
Sao Tome and Principe,STP,2017,0
Sao Tome and Principe,STP,2018,0
Sao Tome and Principe,STP,2019,0
Sao Tome and Principe,STP,2020,0
Sao Tome and Principe,STP,2021,0
Sao Tome and Principe,STP,2022,0
Sao Tome and Principe,STP,2023,0
Sao Tome and Principe,STP,2024,0
Sao Tome and Principe,STP,2025,0
Saudi Arabia,SAU,2003,1389211.4
Saudi Arabia,SAU,2004,2237871.5
Saudi Arabia,SAU,2005,1848996.6
Saudi Arabia,SAU,2006,2203608.5
Saudi Arabia,SAU,2007,2783846
Saudi Arabia,SAU,2008,1895522.8
Saudi Arabia,SAU,2009,3280292.8
Saudi Arabia,SAU,2010,2992195.5
Saudi Arabia,SAU,2011,2293281.8
Saudi Arabia,SAU,2012,2630883.8
Saudi Arabia,SAU,2013,2345959
Saudi Arabia,SAU,2014,2104826.5
Saudi Arabia,SAU,2015,3018548
Saudi Arabia,SAU,2016,2915435.5
Saudi Arabia,SAU,2017,32955440
Saudi Arabia,SAU,2018,31599194
Saudi Arabia,SAU,2019,33557684
Saudi Arabia,SAU,2020,29604150
Saudi Arabia,SAU,2021,23837388
Saudi Arabia,SAU,2022,18048532
Saudi Arabia,SAU,2023,32763828
Saudi Arabia,SAU,2024,16062259
Saudi Arabia,SAU,2025,5049733.5
Senegal,SEN,2003,18090442
Senegal,SEN,2004,27600854
Senegal,SEN,2005,27794068
Senegal,SEN,2006,29443288
Senegal,SEN,2007,21149722
Senegal,SEN,2008,24991942
Senegal,SEN,2009,22886618
Senegal,SEN,2010,27118930
Senegal,SEN,2011,29175104
Senegal,SEN,2012,18025998
Senegal,SEN,2013,23496314
Senegal,SEN,2014,22306834
Senegal,SEN,2015,15075319
Senegal,SEN,2016,26191712
Senegal,SEN,2017,20004256
Senegal,SEN,2018,15794819
Senegal,SEN,2019,18700080
Senegal,SEN,2020,17328752
Senegal,SEN,2021,20338358
Senegal,SEN,2022,22677450
Senegal,SEN,2023,25117672
Senegal,SEN,2024,19579620
Senegal,SEN,2025,17563398
Serbia,SRB,2003,285220.6
Serbia,SRB,2004,316220.8
Serbia,SRB,2005,233966.94
Serbia,SRB,2006,267042.7
Serbia,SRB,2007,838403.94
Serbia,SRB,2008,427212.44
Serbia,SRB,2009,493228.12
Serbia,SRB,2010,190468.12
Serbia,SRB,2011,854772.9
Serbia,SRB,2012,816094.94
Serbia,SRB,2013,258120.4
Serbia,SRB,2014,102926.38
Serbia,SRB,2015,200127.12
Serbia,SRB,2016,139139.58
Serbia,SRB,2017,454343
Serbia,SRB,2018,635225.25
Serbia,SRB,2019,811515.56
Serbia,SRB,2020,198273.66
Serbia,SRB,2021,185801.95
Serbia,SRB,2022,157717.02
Serbia,SRB,2023,185261.02
Serbia,SRB,2024,461441.3
Serbia,SRB,2025,386195.53
Seychelles,SYC,2003,0
Seychelles,SYC,2004,0
Seychelles,SYC,2005,0
Seychelles,SYC,2006,0
Seychelles,SYC,2007,0
Seychelles,SYC,2008,0
Seychelles,SYC,2009,0
Seychelles,SYC,2010,0
Seychelles,SYC,2011,0
Seychelles,SYC,2012,0
Seychelles,SYC,2013,0
Seychelles,SYC,2014,0
Seychelles,SYC,2015,0
Seychelles,SYC,2016,0
Seychelles,SYC,2017,0
Seychelles,SYC,2018,0
Seychelles,SYC,2019,0
Seychelles,SYC,2020,0
Seychelles,SYC,2021,0
Seychelles,SYC,2022,0
Seychelles,SYC,2023,0
Seychelles,SYC,2024,0
Seychelles,SYC,2025,0
Sierra Leone,SLE,2003,48430800
Sierra Leone,SLE,2004,37708868
Sierra Leone,SLE,2005,15422824
Sierra Leone,SLE,2006,35986936
Sierra Leone,SLE,2007,65307330
Sierra Leone,SLE,2008,32663286
Sierra Leone,SLE,2009,83552460
Sierra Leone,SLE,2010,21943116
Sierra Leone,SLE,2011,33064842
Sierra Leone,SLE,2012,68301190
Sierra Leone,SLE,2013,53011860
Sierra Leone,SLE,2014,73096080
Sierra Leone,SLE,2015,78535780
Sierra Leone,SLE,2016,77690500
Sierra Leone,SLE,2017,44694550
Sierra Leone,SLE,2018,26812492
Sierra Leone,SLE,2019,38527776
Sierra Leone,SLE,2020,38761510
Sierra Leone,SLE,2021,24801156
Sierra Leone,SLE,2022,24639466
Sierra Leone,SLE,2023,40889384
Sierra Leone,SLE,2024,35441700
Sierra Leone,SLE,2025,22108842
Singapore,SGP,2003,41576.29
Singapore,SGP,2004,66403.53
Singapore,SGP,2005,40762.68
Singapore,SGP,2006,12121.641
Singapore,SGP,2007,16556.781
Singapore,SGP,2008,9064.29
Singapore,SGP,2009,19660.33
Singapore,SGP,2010,13911.27
Singapore,SGP,2011,32547.309
Singapore,SGP,2012,3301.9302
Singapore,SGP,2013,92765.68
Singapore,SGP,2014,189439.94
Singapore,SGP,2015,21160.691
Singapore,SGP,2016,32501.73
Singapore,SGP,2017,378449.3
Singapore,SGP,2018,295130.28
Singapore,SGP,2019,1014752.6
Singapore,SGP,2020,970028.3
Singapore,SGP,2021,673980.25
Singapore,SGP,2022,211901.34
Singapore,SGP,2023,423214.78
Singapore,SGP,2024,186946.6
Singapore,SGP,2025,167099.23
Sint Maarten (Dutch part),SXM,2003,0
Sint Maarten (Dutch part),SXM,2004,0
Sint Maarten (Dutch part),SXM,2005,0
Sint Maarten (Dutch part),SXM,2006,0
Sint Maarten (Dutch part),SXM,2007,0
Sint Maarten (Dutch part),SXM,2008,0
Sint Maarten (Dutch part),SXM,2009,0
Sint Maarten (Dutch part),SXM,2010,0
Sint Maarten (Dutch part),SXM,2011,0
Sint Maarten (Dutch part),SXM,2012,0
Sint Maarten (Dutch part),SXM,2013,0
Sint Maarten (Dutch part),SXM,2014,0
Sint Maarten (Dutch part),SXM,2015,0
Sint Maarten (Dutch part),SXM,2016,0
Sint Maarten (Dutch part),SXM,2017,0
Sint Maarten (Dutch part),SXM,2018,0
Sint Maarten (Dutch part),SXM,2019,0
Sint Maarten (Dutch part),SXM,2020,0
Sint Maarten (Dutch part),SXM,2021,0
Sint Maarten (Dutch part),SXM,2022,0
Sint Maarten (Dutch part),SXM,2023,0
Sint Maarten (Dutch part),SXM,2024,0
Sint Maarten (Dutch part),SXM,2025,0
Slovakia,SVK,2003,166377.2
Slovakia,SVK,2004,120166.28
Slovakia,SVK,2005,183136.31
Slovakia,SVK,2006,224722.02
Slovakia,SVK,2007,177953.86
Slovakia,SVK,2008,114119.31
Slovakia,SVK,2009,80133.43
Slovakia,SVK,2010,144026.23
Slovakia,SVK,2011,136157.02
Slovakia,SVK,2012,153835.06
Slovakia,SVK,2013,97601.53
Slovakia,SVK,2014,98421.21
Slovakia,SVK,2015,74010.37
Slovakia,SVK,2016,149828.64
Slovakia,SVK,2017,127814.336
Slovakia,SVK,2018,122762.46
Slovakia,SVK,2019,71028.43
Slovakia,SVK,2020,84171.734
Slovakia,SVK,2021,126941.93
Slovakia,SVK,2022,93021.71
Slovakia,SVK,2023,100456.99
Slovakia,SVK,2024,71905.79
Slovakia,SVK,2025,76915.65
Slovenia,SVN,2003,28152.422
Slovenia,SVN,2004,7901.36
Slovenia,SVN,2005,36994.82
Slovenia,SVN,2006,49050.46
Slovenia,SVN,2007,4962.75
Slovenia,SVN,2008,6856.67
Slovenia,SVN,2009,2243.38
Slovenia,SVN,2010,3515.47
Slovenia,SVN,2011,7104.09
Slovenia,SVN,2012,11720.59
Slovenia,SVN,2013,12876
Slovenia,SVN,2014,4184.9697
Slovenia,SVN,2015,5971.46
Slovenia,SVN,2016,14003.28
Slovenia,SVN,2017,51755
Slovenia,SVN,2018,5789.09
Slovenia,SVN,2019,11793.2
Slovenia,SVN,2020,12197.42
Slovenia,SVN,2021,9005.68
Slovenia,SVN,2022,71266.94
Slovenia,SVN,2023,6924.83
Slovenia,SVN,2024,8667.23
Slovenia,SVN,2025,18760.2
Solomon Islands,SLB,2003,135765.81
Solomon Islands,SLB,2004,116438.99
Solomon Islands,SLB,2005,192405.42
Solomon Islands,SLB,2006,104446.01
Solomon Islands,SLB,2007,127616.61
Solomon Islands,SLB,2008,62122.88
Solomon Islands,SLB,2009,79108.75
Solomon Islands,SLB,2010,52775.72
Solomon Islands,SLB,2011,56655.81
Solomon Islands,SLB,2012,128925.55
Solomon Islands,SLB,2013,105790
Solomon Islands,SLB,2014,84903.66
Solomon Islands,SLB,2015,100424.95
Solomon Islands,SLB,2016,131704.92
Solomon Islands,SLB,2017,15093.91
Solomon Islands,SLB,2018,56163.27
Solomon Islands,SLB,2019,30250.28
Solomon Islands,SLB,2020,19812.66
Solomon Islands,SLB,2021,55764.34
Solomon Islands,SLB,2022,52014.312
Solomon Islands,SLB,2023,46063.21
Solomon Islands,SLB,2024,57548.48
Solomon Islands,SLB,2025,50190.99
Somalia,SOM,2003,2684367
Somalia,SOM,2004,1308618
Somalia,SOM,2005,1641129.8
Somalia,SOM,2006,567803.75
Somalia,SOM,2007,1216554
Somalia,SOM,2008,1266064.2
Somalia,SOM,2009,561119.75
Somalia,SOM,2010,1113401.5
Somalia,SOM,2011,687540.6
Somalia,SOM,2012,1006209.06
Somalia,SOM,2013,1366973.1
Somalia,SOM,2014,1036213.2
Somalia,SOM,2015,442648.06
Somalia,SOM,2016,860158
Somalia,SOM,2017,3269338
Somalia,SOM,2018,2333408.2
Somalia,SOM,2019,3014598.8
Somalia,SOM,2020,2779653.2
Somalia,SOM,2021,2781266.2
Somalia,SOM,2022,1774944.1
Somalia,SOM,2023,2456462
Somalia,SOM,2024,1067428
Somalia,SOM,2025,501869.75
South Africa,ZAF,2003,64751850
South Africa,ZAF,2004,45350110
South Africa,ZAF,2005,70940440
South Africa,ZAF,2006,53762508
South Africa,ZAF,2007,76489920
South Africa,ZAF,2008,65753470
South Africa,ZAF,2009,60918508
South Africa,ZAF,2010,73871690
South Africa,ZAF,2011,64868548
South Africa,ZAF,2012,65916936
South Africa,ZAF,2013,64632380
South Africa,ZAF,2014,69950904
South Africa,ZAF,2015,56260684
South Africa,ZAF,2016,47792240
South Africa,ZAF,2017,59552610
South Africa,ZAF,2018,64820456
South Africa,ZAF,2019,52688664
South Africa,ZAF,2020,40471092
South Africa,ZAF,2021,63948932
South Africa,ZAF,2022,51091910
South Africa,ZAF,2023,77127220
South Africa,ZAF,2024,73743920
South Africa,ZAF,2025,37504160
South America,OWID_SAM,2003,1433702800
South America,OWID_SAM,2004,1606947500
South America,OWID_SAM,2005,1510775300
South America,OWID_SAM,2006,1062989760
South America,OWID_SAM,2007,1679460000
South America,OWID_SAM,2008,967348000
South America,OWID_SAM,2009,704615740
South America,OWID_SAM,2010,1473035600
South America,OWID_SAM,2011,755198400
South America,OWID_SAM,2012,952068700
South America,OWID_SAM,2013,639901500
South America,OWID_SAM,2014,724110800
South America,OWID_SAM,2015,908120640
South America,OWID_SAM,2016,874319940
South America,OWID_SAM,2017,917678850
South America,OWID_SAM,2018,596705200
South America,OWID_SAM,2019,986047300
South America,OWID_SAM,2020,992603800
South America,OWID_SAM,2021,933911940
South America,OWID_SAM,2022,1029345900
South America,OWID_SAM,2023,909171700
South America,OWID_SAM,2024,1503729900
South America,OWID_SAM,2025,547968960
South Georgia and the South Sandwich Islands,SGS,2003,0
South Georgia and the South Sandwich Islands,SGS,2004,0
South Georgia and the South Sandwich Islands,SGS,2005,0
South Georgia and the South Sandwich Islands,SGS,2006,0
South Georgia and the South Sandwich Islands,SGS,2007,0
South Georgia and the South Sandwich Islands,SGS,2008,0
South Georgia and the South Sandwich Islands,SGS,2009,0
South Georgia and the South Sandwich Islands,SGS,2010,0
South Georgia and the South Sandwich Islands,SGS,2011,0
South Georgia and the South Sandwich Islands,SGS,2012,0
South Georgia and the South Sandwich Islands,SGS,2013,0
South Georgia and the South Sandwich Islands,SGS,2014,0
South Georgia and the South Sandwich Islands,SGS,2015,0
South Georgia and the South Sandwich Islands,SGS,2016,0
South Georgia and the South Sandwich Islands,SGS,2017,0
South Georgia and the South Sandwich Islands,SGS,2018,0
South Georgia and the South Sandwich Islands,SGS,2019,0
South Georgia and the South Sandwich Islands,SGS,2020,0
South Georgia and the South Sandwich Islands,SGS,2021,0
South Georgia and the South Sandwich Islands,SGS,2022,0
South Georgia and the South Sandwich Islands,SGS,2023,0
South Georgia and the South Sandwich Islands,SGS,2024,0
South Georgia and the South Sandwich Islands,SGS,2025,0
South Korea,KOR,2003,455226.97
South Korea,KOR,2004,871269.5
South Korea,KOR,2005,769346
South Korea,KOR,2006,655979
South Korea,KOR,2007,643067.75
South Korea,KOR,2008,744222.06
South Korea,KOR,2009,733499.3
South Korea,KOR,2010,739269.75
South Korea,KOR,2011,868457.44
South Korea,KOR,2012,655496
South Korea,KOR,2013,561568.1
South Korea,KOR,2014,765630.4
South Korea,KOR,2015,652079.6
South Korea,KOR,2016,867730.44
South Korea,KOR,2017,704565.4
South Korea,KOR,2018,1418542.5
South Korea,KOR,2019,852821.5
South Korea,KOR,2020,1359008.9
South Korea,KOR,2021,766674.7
South Korea,KOR,2022,1334032.4
South Korea,KOR,2023,1318128.2
South Korea,KOR,2024,1335847.8
South Korea,KOR,2025,3529591.2
South Sudan,SSD,2003,279008740
South Sudan,SSD,2004,279679870
South Sudan,SSD,2005,315544600
South Sudan,SSD,2006,228612900
South Sudan,SSD,2007,329941150
South Sudan,SSD,2008,308906600
South Sudan,SSD,2009,307277100
South Sudan,SSD,2010,216508060
South Sudan,SSD,2011,300399940
South Sudan,SSD,2012,274228500
South Sudan,SSD,2013,267205230
South Sudan,SSD,2014,289770270
South Sudan,SSD,2015,318169540
South Sudan,SSD,2016,313033730
South Sudan,SSD,2017,228935620
South Sudan,SSD,2018,295625630
South Sudan,SSD,2019,159794420
South Sudan,SSD,2020,225012400
South Sudan,SSD,2021,225493060
South Sudan,SSD,2022,176140060
South Sudan,SSD,2023,199590240
South Sudan,SSD,2024,219569600
South Sudan,SSD,2025,196927090
Spain,ESP,2003,6386218.5
Spain,ESP,2004,5357915.5
Spain,ESP,2005,8434900
Spain,ESP,2006,8549957
Spain,ESP,2007,4020920
Spain,ESP,2008,1999347.9
Spain,ESP,2009,5023815
Spain,ESP,2010,2058894.4
Spain,ESP,2011,5350757.5
Spain,ESP,2012,10055332
Spain,ESP,2013,3523591.2
Spain,ESP,2014,1781528.1
Spain,ESP,2015,3990892.2
Spain,ESP,2016,3233903.5
Spain,ESP,2017,6995504.5
Spain,ESP,2018,1316046.5
Spain,ESP,2019,3338526.2
Spain,ESP,2020,3129280.2
Spain,ESP,2021,4046866.8
Spain,ESP,2022,11125336
Spain,ESP,2023,4765885.5
Spain,ESP,2024,2229519.2
Spain,ESP,2025,19084666
Sri Lanka,LKA,2003,2358415.8
Sri Lanka,LKA,2004,2870912.5
Sri Lanka,LKA,2005,1865707.2
Sri Lanka,LKA,2006,1652925.4
Sri Lanka,LKA,2007,1241272.2
Sri Lanka,LKA,2008,1494603.9
Sri Lanka,LKA,2009,2027900.6
Sri Lanka,LKA,2010,1523315
Sri Lanka,LKA,2011,1625550.6
Sri Lanka,LKA,2012,2103476.5
Sri Lanka,LKA,2013,1271291.2
Sri Lanka,LKA,2014,1535286.5
Sri Lanka,LKA,2015,690979.7
Sri Lanka,LKA,2016,1524250.6
Sri Lanka,LKA,2017,3660555
Sri Lanka,LKA,2018,3147812
Sri Lanka,LKA,2019,3227428.5
Sri Lanka,LKA,2020,3657888.2
Sri Lanka,LKA,2021,1141733.8
Sri Lanka,LKA,2022,1799117.5
Sri Lanka,LKA,2023,1935960.1
Sri Lanka,LKA,2024,1731251
Sri Lanka,LKA,2025,683971.75
Sudan,SDN,2003,50250430
Sudan,SDN,2004,48711932
Sudan,SDN,2005,52254690
Sudan,SDN,2006,42059824
Sudan,SDN,2007,54580370
Sudan,SDN,2008,48925020
Sudan,SDN,2009,38757868
Sudan,SDN,2010,33597180
Sudan,SDN,2011,34279748
Sudan,SDN,2012,42757828
Sudan,SDN,2013,37998730
Sudan,SDN,2014,38289730
Sudan,SDN,2015,34579210
Sudan,SDN,2016,38077864
Sudan,SDN,2017,33056388
Sudan,SDN,2018,30295764
Sudan,SDN,2019,31092138
Sudan,SDN,2020,32320474
Sudan,SDN,2021,35304844
Sudan,SDN,2022,24585074
Sudan,SDN,2023,36963004
Sudan,SDN,2024,33136166
Sudan,SDN,2025,45605110
Suriname,SUR,2003,1272320
Suriname,SUR,2004,1001480
Suriname,SUR,2005,433647.8
Suriname,SUR,2006,577654.2
Suriname,SUR,2007,298536.5
Suriname,SUR,2008,730147.25
Suriname,SUR,2009,1148203.1
Suriname,SUR,2010,506030.34
Suriname,SUR,2011,429391.72
Suriname,SUR,2012,935394.4
Suriname,SUR,2013,469680.88
Suriname,SUR,2014,708435.75
Suriname,SUR,2015,861028.06
Suriname,SUR,2016,925661.25
Suriname,SUR,2017,375711.56
Suriname,SUR,2018,648900.5
Suriname,SUR,2019,761500.5
Suriname,SUR,2020,381931.8
Suriname,SUR,2021,219325.66
Suriname,SUR,2022,307776.56
Suriname,SUR,2023,1272469.9
Suriname,SUR,2024,2193436.8
Suriname,SUR,2025,273719.75
Svalbard and Jan Mayen,SJM,2003,0
Svalbard and Jan Mayen,SJM,2004,0
Svalbard and Jan Mayen,SJM,2005,0
Svalbard and Jan Mayen,SJM,2006,0
Svalbard and Jan Mayen,SJM,2007,0
Svalbard and Jan Mayen,SJM,2008,0
Svalbard and Jan Mayen,SJM,2009,0
Svalbard and Jan Mayen,SJM,2010,0
Svalbard and Jan Mayen,SJM,2011,0
Svalbard and Jan Mayen,SJM,2012,0
Svalbard and Jan Mayen,SJM,2013,0
Svalbard and Jan Mayen,SJM,2014,0
Svalbard and Jan Mayen,SJM,2015,0
Svalbard and Jan Mayen,SJM,2016,0
Svalbard and Jan Mayen,SJM,2017,0
Svalbard and Jan Mayen,SJM,2018,0
Svalbard and Jan Mayen,SJM,2019,0
Svalbard and Jan Mayen,SJM,2020,17774.92
Svalbard and Jan Mayen,SJM,2021,0
Svalbard and Jan Mayen,SJM,2022,0
Svalbard and Jan Mayen,SJM,2023,0
Svalbard and Jan Mayen,SJM,2024,0
Svalbard and Jan Mayen,SJM,2025,0
Sweden,SWE,2003,887875.1
Sweden,SWE,2004,849091.7
Sweden,SWE,2005,612979.1
Sweden,SWE,2006,1257588.5
Sweden,SWE,2007,572826.2
Sweden,SWE,2008,544283.7
Sweden,SWE,2009,1726180.8
Sweden,SWE,2010,289643.6
Sweden,SWE,2011,892756
Sweden,SWE,2012,378206.25
Sweden,SWE,2013,338165.6
Sweden,SWE,2014,1678320.2
Sweden,SWE,2015,303830.5
Sweden,SWE,2016,357288.9
Sweden,SWE,2017,541774.44
Sweden,SWE,2018,2529383.2
Sweden,SWE,2019,683675.44
Sweden,SWE,2020,775411
Sweden,SWE,2021,724293.75
Sweden,SWE,2022,626984
Sweden,SWE,2023,977912.9
Sweden,SWE,2024,769447.4
Sweden,SWE,2025,907267.25
Switzerland,CHE,2003,13158.49
Switzerland,CHE,2004,6613.73
Switzerland,CHE,2005,2522.5898
Switzerland,CHE,2006,9702.88
Switzerland,CHE,2007,30147.83
Switzerland,CHE,2008,6936.15
Switzerland,CHE,2009,6771.21
Switzerland,CHE,2010,7425.35
Switzerland,CHE,2011,13504.82
Switzerland,CHE,2012,6980.1
Switzerland,CHE,2013,8587.9
Switzerland,CHE,2014,8635.8
Switzerland,CHE,2015,16190.42
Switzerland,CHE,2016,49096.48
Switzerland,CHE,2017,17995.52
Switzerland,CHE,2018,28762.291
Switzerland,CHE,2019,13222.91
Switzerland,CHE,2020,23856.24
Switzerland,CHE,2021,27379.42
Switzerland,CHE,2022,55259.1
Switzerland,CHE,2023,16078.16
Switzerland,CHE,2024,12978.23
Switzerland,CHE,2025,28053.01
Syria,SYR,2003,570396.06
Syria,SYR,2004,300752.28
Syria,SYR,2005,125983.42
Syria,SYR,2006,124816.73
Syria,SYR,2007,232185.84
Syria,SYR,2008,36558.5
Syria,SYR,2009,196167.34
Syria,SYR,2010,263409.72
Syria,SYR,2011,186465.61
Syria,SYR,2012,666658.5
Syria,SYR,2013,1574223.5
Syria,SYR,2014,944434.25
Syria,SYR,2015,1145125.6
Syria,SYR,2016,1056235
Syria,SYR,2017,1726977.5
Syria,SYR,2018,209444.94
Syria,SYR,2019,2497307.8
Syria,SYR,2020,2108935.2
Syria,SYR,2021,238091.89
Syria,SYR,2022,171980.88
Syria,SYR,2023,606679.7
Syria,SYR,2024,564826.56
Syria,SYR,2025,1897152.5
Taiwan,TWN,2003,312608.12
Taiwan,TWN,2004,369935.3
Taiwan,TWN,2005,236536.05
Taiwan,TWN,2006,305880.56
Taiwan,TWN,2007,288335.34
Taiwan,TWN,2008,310846.16
Taiwan,TWN,2009,364187.25
Taiwan,TWN,2010,455591.28
Taiwan,TWN,2011,294529.9
Taiwan,TWN,2012,262840.75
Taiwan,TWN,2013,374840.2
Taiwan,TWN,2014,403897.44
Taiwan,TWN,2015,346380.22
Taiwan,TWN,2016,276949.75
Taiwan,TWN,2017,479533.66
Taiwan,TWN,2018,475563.6
Taiwan,TWN,2019,288844.16
Taiwan,TWN,2020,384752.94
Taiwan,TWN,2021,600801.1
Taiwan,TWN,2022,537540.6
Taiwan,TWN,2023,802304.1
Taiwan,TWN,2024,836101
Taiwan,TWN,2025,522332.34
Tajikistan,TJK,2003,188846.22
Tajikistan,TJK,2004,253882.25
Tajikistan,TJK,2005,198441.44
Tajikistan,TJK,2006,154515.1
Tajikistan,TJK,2007,149219.73
Tajikistan,TJK,2008,114167.21
Tajikistan,TJK,2009,62709.39
Tajikistan,TJK,2010,80030.43
Tajikistan,TJK,2011,109971.98
Tajikistan,TJK,2012,71077.32
Tajikistan,TJK,2013,151903.44
Tajikistan,TJK,2014,71716.54
Tajikistan,TJK,2015,167434.94
Tajikistan,TJK,2016,87407.88
Tajikistan,TJK,2017,62296.062
Tajikistan,TJK,2018,38896.61
Tajikistan,TJK,2019,42230.79
Tajikistan,TJK,2020,177490.25
Tajikistan,TJK,2021,41258.37
Tajikistan,TJK,2022,90936.61
Tajikistan,TJK,2023,64025.56
Tajikistan,TJK,2024,80617.07
Tajikistan,TJK,2025,74681.29
Tanzania,TZA,2003,147751870
Tanzania,TZA,2004,118282540
Tanzania,TZA,2005,131948300
Tanzania,TZA,2006,90612130
Tanzania,TZA,2007,131955810
Tanzania,TZA,2008,124342920
Tanzania,TZA,2009,121621770
Tanzania,TZA,2010,137108530
Tanzania,TZA,2011,104713110
Tanzania,TZA,2012,118963910
Tanzania,TZA,2013,107168390
Tanzania,TZA,2014,92767440
Tanzania,TZA,2015,111688380
Tanzania,TZA,2016,118237630
Tanzania,TZA,2017,75671890
Tanzania,TZA,2018,74483880
Tanzania,TZA,2019,77772904
Tanzania,TZA,2020,65277496
Tanzania,TZA,2021,91527320
Tanzania,TZA,2022,78635020
Tanzania,TZA,2023,60381384
Tanzania,TZA,2024,72830660
Tanzania,TZA,2025,77172130
Thailand,THA,2003,27474522
Thailand,THA,2004,45782876
Thailand,THA,2005,38634990
Thailand,THA,2006,25669888
Thailand,THA,2007,42986068
Thailand,THA,2008,27693988
Thailand,THA,2009,26491780
Thailand,THA,2010,35724260
Thailand,THA,2011,15095188
Thailand,THA,2012,30319232
Thailand,THA,2013,27145300
Thailand,THA,2014,25926810
Thailand,THA,2015,20882932
Thailand,THA,2016,29853530
Thailand,THA,2017,10618348
Thailand,THA,2018,8801148
Thailand,THA,2019,17575940
Thailand,THA,2020,15699976
Thailand,THA,2021,8366327
Thailand,THA,2022,3772028.5
Thailand,THA,2023,13848310
Thailand,THA,2024,9673084
Thailand,THA,2025,8076415.5
Togo,TGO,2003,13668474
Togo,TGO,2004,10222333
Togo,TGO,2005,13754718
Togo,TGO,2006,10807774
Togo,TGO,2007,10246666
Togo,TGO,2008,12723736
Togo,TGO,2009,12509974
Togo,TGO,2010,11228606
Togo,TGO,2011,13201981
Togo,TGO,2012,8800773
Togo,TGO,2013,9946848
Togo,TGO,2014,7788473
Togo,TGO,2015,10630538
Togo,TGO,2016,8334832.5
Togo,TGO,2017,7325747
Togo,TGO,2018,5714978.5
Togo,TGO,2019,5243984
Togo,TGO,2020,6273546
Togo,TGO,2021,4752011.5
Togo,TGO,2022,5443419.5
Togo,TGO,2023,3546445
Togo,TGO,2024,4267237
Togo,TGO,2025,3606377.2
Tokelau,TKL,2003,0
Tokelau,TKL,2004,0
Tokelau,TKL,2005,0
Tokelau,TKL,2006,0
Tokelau,TKL,2007,0
Tokelau,TKL,2008,0
Tokelau,TKL,2009,0
Tokelau,TKL,2010,0
Tokelau,TKL,2011,0
Tokelau,TKL,2012,0
Tokelau,TKL,2013,0
Tokelau,TKL,2014,0
Tokelau,TKL,2015,0
Tokelau,TKL,2016,0
Tokelau,TKL,2017,0
Tokelau,TKL,2018,0
Tokelau,TKL,2019,0
Tokelau,TKL,2020,0
Tokelau,TKL,2021,0
Tokelau,TKL,2022,0
Tokelau,TKL,2023,0
Tokelau,TKL,2024,0
Tokelau,TKL,2025,0
Tonga,TON,2003,0
Tonga,TON,2004,0
Tonga,TON,2005,0
Tonga,TON,2006,0
Tonga,TON,2007,0
Tonga,TON,2008,0
Tonga,TON,2009,0
Tonga,TON,2010,0
Tonga,TON,2011,0
Tonga,TON,2012,0
Tonga,TON,2013,0
Tonga,TON,2014,0
Tonga,TON,2015,0
Tonga,TON,2016,0
Tonga,TON,2017,0
Tonga,TON,2018,0
Tonga,TON,2019,0
Tonga,TON,2020,0
Tonga,TON,2021,0
Tonga,TON,2022,0
Tonga,TON,2023,0
Tonga,TON,2024,0
Tonga,TON,2025,0
Trinidad and Tobago,TTO,2003,339062.44
Trinidad and Tobago,TTO,2004,91107.99
Trinidad and Tobago,TTO,2005,111492.74
Trinidad and Tobago,TTO,2006,100583.15
Trinidad and Tobago,TTO,2007,231365.61
Trinidad and Tobago,TTO,2008,84080.98
Trinidad and Tobago,TTO,2009,130549.53
Trinidad and Tobago,TTO,2010,391694.06
Trinidad and Tobago,TTO,2011,42738.99
Trinidad and Tobago,TTO,2012,47988.04
Trinidad and Tobago,TTO,2013,108829.43
Trinidad and Tobago,TTO,2014,145407.5
Trinidad and Tobago,TTO,2015,121760.29
Trinidad and Tobago,TTO,2016,207062.6
Trinidad and Tobago,TTO,2017,86330.53
Trinidad and Tobago,TTO,2018,61066.91
Trinidad and Tobago,TTO,2019,110587.98
Trinidad and Tobago,TTO,2020,98760.766
Trinidad and Tobago,TTO,2021,44052.78
Trinidad and Tobago,TTO,2022,27220.98
Trinidad and Tobago,TTO,2023,98856.6
Trinidad and Tobago,TTO,2024,143787.64
Trinidad and Tobago,TTO,2025,66724.48
Tunisia,TUN,2003,86507.92
Tunisia,TUN,2004,55511.07
Tunisia,TUN,2005,102802.58
Tunisia,TUN,2006,16410.52
Tunisia,TUN,2007,88825.28
Tunisia,TUN,2008,308035.84
Tunisia,TUN,2009,80354.82
Tunisia,TUN,2010,180146.12
Tunisia,TUN,2011,255180.64
Tunisia,TUN,2012,210920.95
Tunisia,TUN,2013,396065.03
Tunisia,TUN,2014,304958.53
Tunisia,TUN,2015,159231.22
Tunisia,TUN,2016,187005.95
Tunisia,TUN,2017,1297804.4
Tunisia,TUN,2018,502191.53
Tunisia,TUN,2019,227616.1
Tunisia,TUN,2020,353687.97
Tunisia,TUN,2021,949476.1
Tunisia,TUN,2022,382320.28
Tunisia,TUN,2023,232340.88
Tunisia,TUN,2024,77815.78
Tunisia,TUN,2025,70180.01
Turkey,TUR,2003,2448978.2
Turkey,TUR,2004,2478988.2
Turkey,TUR,2005,2246046.2
Turkey,TUR,2006,3139209.5
Turkey,TUR,2007,3212138.2
Turkey,TUR,2008,2987470
Turkey,TUR,2009,6878680
Turkey,TUR,2010,4750447.5
Turkey,TUR,2011,6628468
Turkey,TUR,2012,2485733.2
Turkey,TUR,2013,3312215.8
Turkey,TUR,2014,2091686.4
Turkey,TUR,2015,5762872
Turkey,TUR,2016,4385932.5
Turkey,TUR,2017,3429368
Turkey,TUR,2018,3029815.8
Turkey,TUR,2019,2733709.8
Turkey,TUR,2020,3147300.5
Turkey,TUR,2021,11080235
Turkey,TUR,2022,2529443.2
Turkey,TUR,2023,2795491
Turkey,TUR,2024,3933474.8
Turkey,TUR,2025,6498385
Turkmenistan,TKM,2003,2643563.8
Turkmenistan,TKM,2004,2502516.8
Turkmenistan,TKM,2005,2231288
Turkmenistan,TKM,2006,1906443.8
Turkmenistan,TKM,2007,1916503.5
Turkmenistan,TKM,2008,1393186.6
Turkmenistan,TKM,2009,1331716.2
Turkmenistan,TKM,2010,1790685.5
Turkmenistan,TKM,2011,1157032.6
Turkmenistan,TKM,2012,2052117.8
Turkmenistan,TKM,2013,1899118.6
Turkmenistan,TKM,2014,3755814
Turkmenistan,TKM,2015,1432417.2
Turkmenistan,TKM,2016,2285400
Turkmenistan,TKM,2017,1256234.5
Turkmenistan,TKM,2018,1509467.6
Turkmenistan,TKM,2019,1986279
Turkmenistan,TKM,2020,2499675.8
Turkmenistan,TKM,2021,1527537.6
Turkmenistan,TKM,2022,1140248
Turkmenistan,TKM,2023,825246.2
Turkmenistan,TKM,2024,644385.25
Turkmenistan,TKM,2025,1588034.5
Turks and Caicos Islands,TCA,2003,1464.59
Turks and Caicos Islands,TCA,2004,2188.59
Turks and Caicos Islands,TCA,2005,2352.8
Turks and Caicos Islands,TCA,2006,30071.73
Turks and Caicos Islands,TCA,2007,7841.76
Turks and Caicos Islands,TCA,2008,13544.01
Turks and Caicos Islands,TCA,2009,4869.16
Turks and Caicos Islands,TCA,2010,0
Turks and Caicos Islands,TCA,2011,4949.52
Turks and Caicos Islands,TCA,2012,1411.51
Turks and Caicos Islands,TCA,2013,0
Turks and Caicos Islands,TCA,2014,0
Turks and Caicos Islands,TCA,2015,0
Turks and Caicos Islands,TCA,2016,0
Turks and Caicos Islands,TCA,2017,265941.25
Turks and Caicos Islands,TCA,2018,50153.98
Turks and Caicos Islands,TCA,2019,1049459.5
Turks and Caicos Islands,TCA,2020,194416.05
Turks and Caicos Islands,TCA,2021,0
Turks and Caicos Islands,TCA,2022,12487.39
Turks and Caicos Islands,TCA,2023,0
Turks and Caicos Islands,TCA,2024,0
Turks and Caicos Islands,TCA,2025,10841.859
Tuvalu,TUV,2003,0
Tuvalu,TUV,2004,0
Tuvalu,TUV,2005,0
Tuvalu,TUV,2006,0
Tuvalu,TUV,2007,0
Tuvalu,TUV,2008,0
Tuvalu,TUV,2009,0
Tuvalu,TUV,2010,0
Tuvalu,TUV,2011,0
Tuvalu,TUV,2012,0
Tuvalu,TUV,2013,0
Tuvalu,TUV,2014,0
Tuvalu,TUV,2015,0
Tuvalu,TUV,2016,0
Tuvalu,TUV,2017,0
Tuvalu,TUV,2018,0
Tuvalu,TUV,2019,0
Tuvalu,TUV,2020,0
Tuvalu,TUV,2021,0
Tuvalu,TUV,2022,0
Tuvalu,TUV,2023,0
Tuvalu,TUV,2024,0
Tuvalu,TUV,2025,0
Uganda,UGA,2003,43070616
Uganda,UGA,2004,29096826
Uganda,UGA,2005,55215972
Uganda,UGA,2006,13670378
Uganda,UGA,2007,43794570
Uganda,UGA,2008,31412824
Uganda,UGA,2009,22176280
Uganda,UGA,2010,26312304
Uganda,UGA,2011,22745552
Uganda,UGA,2012,37943120
Uganda,UGA,2013,31764192
Uganda,UGA,2014,23030202
Uganda,UGA,2015,28694108
Uganda,UGA,2016,34045876
Uganda,UGA,2017,22225852
Uganda,UGA,2018,20721080
Uganda,UGA,2019,11108445
Uganda,UGA,2020,17229916
Uganda,UGA,2021,17970536
Uganda,UGA,2022,12490287
Uganda,UGA,2023,15105344
Uganda,UGA,2024,10593924
Uganda,UGA,2025,16891318
Ukraine,UKR,2003,2530288.5
Ukraine,UKR,2004,3927364.5
Ukraine,UKR,2005,7589384
Ukraine,UKR,2006,5495245.5
Ukraine,UKR,2007,8682474
Ukraine,UKR,2008,11450976
Ukraine,UKR,2009,8344887
Ukraine,UKR,2010,3951905.8
Ukraine,UKR,2011,5916067.5
Ukraine,UKR,2012,3921420.8
Ukraine,UKR,2013,3140613
Ukraine,UKR,2014,10463955
Ukraine,UKR,2015,13103251
Ukraine,UKR,2016,7078907.5
Ukraine,UKR,2017,8128804
Ukraine,UKR,2018,3980619.5
Ukraine,UKR,2019,7385691
Ukraine,UKR,2020,9302630
Ukraine,UKR,2021,2197538.8
Ukraine,UKR,2022,4785290
Ukraine,UKR,2023,2982195.8
Ukraine,UKR,2024,8184024
Ukraine,UKR,2025,5596174
United Arab Emirates,ARE,2003,265207.03
United Arab Emirates,ARE,2004,299410.03
United Arab Emirates,ARE,2005,169313.92
United Arab Emirates,ARE,2006,161618.52
United Arab Emirates,ARE,2007,260019.67
United Arab Emirates,ARE,2008,194977.97
United Arab Emirates,ARE,2009,140834.48
United Arab Emirates,ARE,2010,649856.7
United Arab Emirates,ARE,2011,445230.7
United Arab Emirates,ARE,2012,269006.44
United Arab Emirates,ARE,2013,360608.1
United Arab Emirates,ARE,2014,585367.6
United Arab Emirates,ARE,2015,867859.94
United Arab Emirates,ARE,2016,483822.47
United Arab Emirates,ARE,2017,4383970.5
United Arab Emirates,ARE,2018,8210142.5
United Arab Emirates,ARE,2019,6511082
United Arab Emirates,ARE,2020,8014698
United Arab Emirates,ARE,2021,6923167.5
United Arab Emirates,ARE,2022,6618895
United Arab Emirates,ARE,2023,7913357.5
United Arab Emirates,ARE,2024,6841579.5
United Arab Emirates,ARE,2025,6574939
United Kingdom,GBR,2003,1184280.2
United Kingdom,GBR,2004,548896.06
United Kingdom,GBR,2005,413133.22
United Kingdom,GBR,2006,545492.5
United Kingdom,GBR,2007,658093.4
United Kingdom,GBR,2008,356829.53
United Kingdom,GBR,2009,406448
United Kingdom,GBR,2010,457147.16
United Kingdom,GBR,2011,906236.56
United Kingdom,GBR,2012,510156.34
United Kingdom,GBR,2013,433625.5
United Kingdom,GBR,2014,303453.4
United Kingdom,GBR,2015,341501.34
United Kingdom,GBR,2016,432328
United Kingdom,GBR,2017,313155.4
United Kingdom,GBR,2018,472996.5
United Kingdom,GBR,2019,550502.06
United Kingdom,GBR,2020,312798.28
United Kingdom,GBR,2021,253864.28
United Kingdom,GBR,2022,440564.22
United Kingdom,GBR,2023,404998.9
United Kingdom,GBR,2024,176580.23
United Kingdom,GBR,2025,1449801.6
United States,USA,2003,145504200
United States,USA,2004,238385860
United States,USA,2005,223026830
United States,USA,2006,156392270
United States,USA,2007,197859200
United States,USA,2008,124408456
United States,USA,2009,188683550
United States,USA,2010,102593990
United States,USA,2011,181024450
United States,USA,2012,186042080
United States,USA,2013,148493970
United States,USA,2014,114694104
United States,USA,2015,203674660
United States,USA,2016,154846320
United States,USA,2017,174504530
United States,USA,2018,153534430
United States,USA,2019,145369300
United States,USA,2020,230280060
United States,USA,2021,214744300
United States,USA,2022,177575100
United States,USA,2023,91641736
United States,USA,2024,159623200
United States,USA,2025,134663520
United States Minor Outlying Islands,UMI,2003,0
United States Minor Outlying Islands,UMI,2004,0
United States Minor Outlying Islands,UMI,2005,0
United States Minor Outlying Islands,UMI,2006,0
United States Minor Outlying Islands,UMI,2007,0
United States Minor Outlying Islands,UMI,2008,0
United States Minor Outlying Islands,UMI,2009,0
United States Minor Outlying Islands,UMI,2010,0
United States Minor Outlying Islands,UMI,2011,0
United States Minor Outlying Islands,UMI,2012,0
United States Minor Outlying Islands,UMI,2013,0
United States Minor Outlying Islands,UMI,2014,0
United States Minor Outlying Islands,UMI,2015,0
United States Minor Outlying Islands,UMI,2016,0
United States Minor Outlying Islands,UMI,2017,0
United States Minor Outlying Islands,UMI,2018,0
United States Minor Outlying Islands,UMI,2019,0
United States Minor Outlying Islands,UMI,2020,0
United States Minor Outlying Islands,UMI,2021,0
United States Minor Outlying Islands,UMI,2022,0
United States Minor Outlying Islands,UMI,2023,0
United States Minor Outlying Islands,UMI,2024,0
United States Minor Outlying Islands,UMI,2025,0
United States Virgin Islands,VIR,2003,0
United States Virgin Islands,VIR,2004,4194.17
United States Virgin Islands,VIR,2005,0
United States Virgin Islands,VIR,2006,0
United States Virgin Islands,VIR,2007,0
United States Virgin Islands,VIR,2008,0
United States Virgin Islands,VIR,2009,2985.18
United States Virgin Islands,VIR,2010,21190.75
United States Virgin Islands,VIR,2011,0
United States Virgin Islands,VIR,2012,0
United States Virgin Islands,VIR,2013,0
United States Virgin Islands,VIR,2014,0
United States Virgin Islands,VIR,2015,2342.44
United States Virgin Islands,VIR,2016,15632.08
United States Virgin Islands,VIR,2017,0
United States Virgin Islands,VIR,2018,0
United States Virgin Islands,VIR,2019,25642.39
United States Virgin Islands,VIR,2020,2614.89
United States Virgin Islands,VIR,2021,0
United States Virgin Islands,VIR,2022,1575.06
United States Virgin Islands,VIR,2023,0
United States Virgin Islands,VIR,2024,0
United States Virgin Islands,VIR,2025,0
Uruguay,URY,2003,791596.44
Uruguay,URY,2004,1308862.6
Uruguay,URY,2005,1268369.2
Uruguay,URY,2006,652818.7
Uruguay,URY,2007,1001023.7
Uruguay,URY,2008,1453629.8
Uruguay,URY,2009,1030179.56
Uruguay,URY,2010,1086395.8
Uruguay,URY,2011,1190972.9
Uruguay,URY,2012,820365.4
Uruguay,URY,2013,568693.1
Uruguay,URY,2014,388302.62
Uruguay,URY,2015,1371802.6
Uruguay,URY,2016,405825.4
Uruguay,URY,2017,456552.03
Uruguay,URY,2018,535732.9
Uruguay,URY,2019,808221.5
Uruguay,URY,2020,1041659.06
Uruguay,URY,2021,698720.4
Uruguay,URY,2022,880786.4
Uruguay,URY,2023,653050.75
Uruguay,URY,2024,296498.1
Uruguay,URY,2025,638249.9
Uzbekistan,UZB,2003,1343416.1
Uzbekistan,UZB,2004,2206089
Uzbekistan,UZB,2005,2309352.2
Uzbekistan,UZB,2006,2151857.5
Uzbekistan,UZB,2007,2418478.2
Uzbekistan,UZB,2008,2861774.5
Uzbekistan,UZB,2009,1507190.6
Uzbekistan,UZB,2010,678756.56
Uzbekistan,UZB,2011,1987209.8
Uzbekistan,UZB,2012,1649534
Uzbekistan,UZB,2013,1756547.5
Uzbekistan,UZB,2014,2870788
Uzbekistan,UZB,2015,1482310.8
Uzbekistan,UZB,2016,1727043
Uzbekistan,UZB,2017,1696460.9
Uzbekistan,UZB,2018,2950089.8
Uzbekistan,UZB,2019,1778494.6
Uzbekistan,UZB,2020,2119419.8
Uzbekistan,UZB,2021,3818030
Uzbekistan,UZB,2022,1871937.9
Uzbekistan,UZB,2023,1586984
Uzbekistan,UZB,2024,1019052.25
Uzbekistan,UZB,2025,4074839.5
Vanuatu,VUT,2003,2466716.5
Vanuatu,VUT,2004,1979583.1
Vanuatu,VUT,2005,995456.2
Vanuatu,VUT,2006,837028.9
Vanuatu,VUT,2007,2388319.5
Vanuatu,VUT,2008,1753732.4
Vanuatu,VUT,2009,2121942.5
Vanuatu,VUT,2010,2990004.8
Vanuatu,VUT,2011,3982408.5
Vanuatu,VUT,2012,2944494.8
Vanuatu,VUT,2013,4050032.8
Vanuatu,VUT,2014,4875791.5
Vanuatu,VUT,2015,4669420.5
Vanuatu,VUT,2016,7614804.5
Vanuatu,VUT,2017,4396102
Vanuatu,VUT,2018,5120732.5
Vanuatu,VUT,2019,1438639.6
Vanuatu,VUT,2020,1472630.5
Vanuatu,VUT,2021,718574.2
Vanuatu,VUT,2022,831066.75
Vanuatu,VUT,2023,954569.94
Vanuatu,VUT,2024,424664.4
Vanuatu,VUT,2025,344376.3
Vatican,VAT,2003,0
Vatican,VAT,2004,0
Vatican,VAT,2005,0
Vatican,VAT,2006,0
Vatican,VAT,2007,0
Vatican,VAT,2008,0
Vatican,VAT,2009,0
Vatican,VAT,2010,0
Vatican,VAT,2011,0
Vatican,VAT,2012,0
Vatican,VAT,2013,0
Vatican,VAT,2014,0
Vatican,VAT,2015,0
Vatican,VAT,2016,0
Vatican,VAT,2017,0
Vatican,VAT,2018,0
Vatican,VAT,2019,0
Vatican,VAT,2020,0
Vatican,VAT,2021,0
Vatican,VAT,2022,0
Vatican,VAT,2023,0
Vatican,VAT,2024,0
Vatican,VAT,2025,0
Venezuela,VEN,2003,76579300
Venezuela,VEN,2004,51217372
Venezuela,VEN,2005,53842150
Venezuela,VEN,2006,51139028
Venezuela,VEN,2007,57048910
Venezuela,VEN,2008,47783016
Venezuela,VEN,2009,45860160
Venezuela,VEN,2010,57060524
Venezuela,VEN,2011,33669316
Venezuela,VEN,2012,41008880
Venezuela,VEN,2013,73635780
Venezuela,VEN,2014,75364460
Venezuela,VEN,2015,61036372
Venezuela,VEN,2016,73128680
Venezuela,VEN,2017,50829170
Venezuela,VEN,2018,80222420
Venezuela,VEN,2019,94157510
Venezuela,VEN,2020,106587110
Venezuela,VEN,2021,53593692
Venezuela,VEN,2022,67313260
Venezuela,VEN,2023,79002920
Venezuela,VEN,2024,109202660
Venezuela,VEN,2025,63683270
Vietnam,VNM,2003,19918662
Vietnam,VNM,2004,24761130
Vietnam,VNM,2005,24945828
Vietnam,VNM,2006,16764304
Vietnam,VNM,2007,24945786
Vietnam,VNM,2008,16186927
Vietnam,VNM,2009,16272660
Vietnam,VNM,2010,24313224
Vietnam,VNM,2011,15809981
Vietnam,VNM,2012,19449836
Vietnam,VNM,2013,15061997
Vietnam,VNM,2014,20339102
Vietnam,VNM,2015,18353538
Vietnam,VNM,2016,24113710
Vietnam,VNM,2017,9292657
Vietnam,VNM,2018,12362305
Vietnam,VNM,2019,17660906
Vietnam,VNM,2020,14995593
Vietnam,VNM,2021,11242278
Vietnam,VNM,2022,9181309
Vietnam,VNM,2023,12560768
Vietnam,VNM,2024,11861384
Vietnam,VNM,2025,9995459
Wallis and Futuna,WLF,2003,0
Wallis and Futuna,WLF,2004,0
Wallis and Futuna,WLF,2005,0
Wallis and Futuna,WLF,2006,0
Wallis and Futuna,WLF,2007,0
Wallis and Futuna,WLF,2008,0
Wallis and Futuna,WLF,2009,0
Wallis and Futuna,WLF,2010,0
Wallis and Futuna,WLF,2011,0
Wallis and Futuna,WLF,2012,0
Wallis and Futuna,WLF,2013,0
Wallis and Futuna,WLF,2014,0
Wallis and Futuna,WLF,2015,0
Wallis and Futuna,WLF,2016,0
Wallis and Futuna,WLF,2017,0
Wallis and Futuna,WLF,2018,0
Wallis and Futuna,WLF,2019,0
Wallis and Futuna,WLF,2020,0
Wallis and Futuna,WLF,2021,0
Wallis and Futuna,WLF,2022,0
Wallis and Futuna,WLF,2023,0
Wallis and Futuna,WLF,2024,0
Wallis and Futuna,WLF,2025,0
Western Sahara,ESH,2003,0
Western Sahara,ESH,2004,0
Western Sahara,ESH,2005,0
Western Sahara,ESH,2006,1552.84
Western Sahara,ESH,2007,8889.63
Western Sahara,ESH,2008,3454.1
Western Sahara,ESH,2009,588.64
Western Sahara,ESH,2010,0
Western Sahara,ESH,2011,0
Western Sahara,ESH,2012,0
Western Sahara,ESH,2013,0
Western Sahara,ESH,2014,481.92
Western Sahara,ESH,2015,0
Western Sahara,ESH,2016,0
Western Sahara,ESH,2017,873.43
Western Sahara,ESH,2018,3034.5698
Western Sahara,ESH,2019,1154.35
Western Sahara,ESH,2020,3098.8599
Western Sahara,ESH,2021,0
Western Sahara,ESH,2022,841.68
Western Sahara,ESH,2023,5903.35
Western Sahara,ESH,2024,892.77
Western Sahara,ESH,2025,2959.86
World,OWID_WRL,2003,7812222500
World,OWID_WRL,2004,7365732000
World,OWID_WRL,2005,7147424300
World,OWID_WRL,2006,6868236300
World,OWID_WRL,2007,7278818000
World,OWID_WRL,2008,6534761000
World,OWID_WRL,2009,6088900600
World,OWID_WRL,2010,6395356000
World,OWID_WRL,2011,6761309700
World,OWID_WRL,2012,7391153000
World,OWID_WRL,2013,5780166700
World,OWID_WRL,2014,6429197300
World,OWID_WRL,2015,7219833300
World,OWID_WRL,2016,6318485000
World,OWID_WRL,2017,5646975500
World,OWID_WRL,2018,5455352300
World,OWID_WRL,2019,6182854000
World,OWID_WRL,2020,5161231400
World,OWID_WRL,2021,5893582300
World,OWID_WRL,2022,4856389000
World,OWID_WRL,2023,6672576500
World,OWID_WRL,2024,6168882700
World,OWID_WRL,2025,4620358700
Yemen,YEM,2003,310973.78
Yemen,YEM,2004,155341.52
Yemen,YEM,2005,271510.56
Yemen,YEM,2006,629959.8
Yemen,YEM,2007,800058.3
Yemen,YEM,2008,584773.75
Yemen,YEM,2009,558137.94
Yemen,YEM,2010,653909.56
Yemen,YEM,2011,374545
Yemen,YEM,2012,210129.03
Yemen,YEM,2013,249295.2
Yemen,YEM,2014,212202.1
Yemen,YEM,2015,110921.23
Yemen,YEM,2016,128609.5
Yemen,YEM,2017,9893239
Yemen,YEM,2018,7536748
Yemen,YEM,2019,7668028
Yemen,YEM,2020,9249122
Yemen,YEM,2021,8063204.5
Yemen,YEM,2022,4885996.5
Yemen,YEM,2023,7731988
Yemen,YEM,2024,4432960.5
Yemen,YEM,2025,420032.38
Zambia,ZMB,2003,238804300
Zambia,ZMB,2004,222107570
Zambia,ZMB,2005,241803780
Zambia,ZMB,2006,218205150
Zambia,ZMB,2007,241169010
Zambia,ZMB,2008,256042240
Zambia,ZMB,2009,212466380
Zambia,ZMB,2010,246421780
Zambia,ZMB,2011,242733180
Zambia,ZMB,2012,244731140
Zambia,ZMB,2013,236473220
Zambia,ZMB,2014,235023280
Zambia,ZMB,2015,251760290
Zambia,ZMB,2016,242506420
Zambia,ZMB,2017,188146910
Zambia,ZMB,2018,191183550
Zambia,ZMB,2019,186922620
Zambia,ZMB,2020,147412700
Zambia,ZMB,2021,172481860
Zambia,ZMB,2022,191393200
Zambia,ZMB,2023,158465360
Zambia,ZMB,2024,159414720
Zambia,ZMB,2025,137498560
Zimbabwe,ZWE,2003,24250234
Zimbabwe,ZWE,2004,32949374
Zimbabwe,ZWE,2005,33918110
Zimbabwe,ZWE,2006,31355362
Zimbabwe,ZWE,2007,37457004
Zimbabwe,ZWE,2008,44635972
Zimbabwe,ZWE,2009,38790050
Zimbabwe,ZWE,2010,45571620
Zimbabwe,ZWE,2011,48540244
Zimbabwe,ZWE,2012,38138010
Zimbabwe,ZWE,2013,26462758
Zimbabwe,ZWE,2014,31845158
Zimbabwe,ZWE,2015,38225756
Zimbabwe,ZWE,2016,23762346
Zimbabwe,ZWE,2017,22462082
Zimbabwe,ZWE,2018,27580394
Zimbabwe,ZWE,2019,26094914
Zimbabwe,ZWE,2020,7861681.5
Zimbabwe,ZWE,2021,20230054
Zimbabwe,ZWE,2022,28025788
Zimbabwe,ZWE,2023,27818398
Zimbabwe,ZWE,2024,16708311
Zimbabwe,ZWE,2025,12623487